KO-MSC_AAACGCTTCACGATCA-1	1
KO-MSC_AAAGGATAGGGCAGAG-1	3
KO-MSC_AAAGGGCTCTTTGATC-1	3
KO-MSC_AAAGGTAAGGTAAGGA-1	4
KO-MSC_AAAGTCCGTAGACTGG-1	1
KO-MSC_AACAACCTCGGACCAC-1	3
KO-MSC_AACAAGAGTCATAACC-1	2
KO-MSC_AACACACAGCGCATCC-1	3
KO-MSC_AACCAACAGGGACAGG-1	1
KO-MSC_AACCATGCAGGCATGA-1	1
KO-MSC_AACCATGTCAACTCTT-1	4
KO-MSC_AAGCGAGCAGAGGTTG-1	1
KO-MSC_AAGCGTTGTATGCTAC-1	3
KO-MSC_AAGGAATCATGGCCAC-1	6
KO-MSC_AAGTCGTTCAGCTTCC-1	2
KO-MSC_AAGTTCGTCTCATTAC-1	2
KO-MSC_AATAGAGGTCGTCTCT-1	3
KO-MSC_AATCGACCACCCTTAC-1	4
KO-MSC_AATCGACTCGCTCTCA-1	3
KO-MSC_AATTCCTCAACCAGAG-1	3
KO-MSC_ACAACCAAGACGTCGA-1	1
KO-MSC_ACATCCCGTTCCTTGC-1	5
KO-MSC_ACATCGATCTAGACAC-1	3
KO-MSC_ACATGCAGTTCCGCTT-1	4
KO-MSC_ACCAAACCAATGAAAC-1	1
KO-MSC_ACCAACACACGGGCTT-1	2
KO-MSC_ACCTGTCAGAGTTGAT-1	1
KO-MSC_ACGGGTCAGCTGTTAC-1	3
KO-MSC_ACGGTTAAGCAAGTGC-1	5
KO-MSC_ACGGTTACAATAGGGC-1	3
KO-MSC_ACGTACATCCACAAGT-1	1
KO-MSC_ACGTTCCCATGAGAAT-1	1
KO-MSC_ACTCCCACAACGCCCA-1	3
KO-MSC_ACTGATGCATCTGCGG-1	1
KO-MSC_ACTGATGTCATGGATC-1	2
KO-MSC_ACTGTCCAGAAGTCCG-1	3
KO-MSC_ACTGTGAGTCCTGTTC-1	3
KO-MSC_ACTTAGGGTGCCCACA-1	2
KO-MSC_ACTTAGGTCCGAAGGA-1	1
KO-MSC_ACTTCCGTCAAGTCTG-1	2
KO-MSC_AGAAATGCAGACCTGC-1	6
KO-MSC_AGAAATGCAGTTTGGT-1	1
KO-MSC_AGAACCTTCAAGCCAT-1	1
KO-MSC_AGACACTAGGTAAGAG-1	4
KO-MSC_AGACACTTCAGCAATC-1	4
KO-MSC_AGACAGGTCCACTGAA-1	1
KO-MSC_AGACTCAGTTCCTTGC-1	2
KO-MSC_AGAGAATAGAGATTCA-1	6
KO-MSC_AGCCAGCCAGCCTTCT-1	1
KO-MSC_AGCGCCAGTGGGTATG-1	6
KO-MSC_AGCGCTGGTGGTAATA-1	5
KO-MSC_AGCGTATAGGTTGCCC-1	1
KO-MSC_AGCGTATGTCACTACA-1	3
KO-MSC_AGCTTCCAGAGCATCG-1	4
KO-MSC_AGGTCTAGTGTGAGCA-1	3
KO-MSC_AGGTTGTCAACGGCCT-1	2
KO-MSC_AGTACCACAACACACT-1	6
KO-MSC_AGTGACTGTCGGATTT-1	2
KO-MSC_AGTGACTGTGCTTATG-1	2
KO-MSC_AGTGTTGAGAAGCGCT-1	1
KO-MSC_AGTTCCCCACCCTAAA-1	1
KO-MSC_ATATCCTCAAATCGTC-1	2
KO-MSC_ATCACTTCAGTAGTTC-1	4
KO-MSC_ATCACTTTCCGTATAG-1	3
KO-MSC_ATCATTCAGTCGTCTA-1	1
KO-MSC_ATCCACCCACCCATAA-1	4
KO-MSC_ATCCATTCACAACATC-1	1
KO-MSC_ATCGATGGTTAAGGGC-1	5
KO-MSC_ATCGATGTCCAAGCTA-1	4
KO-MSC_ATCGGATAGCTAAACA-1	6
KO-MSC_ATCGTGATCACCCTCA-1	5
KO-MSC_ATGAGGGGTCGTAATC-1	2
KO-MSC_ATGAGGGGTTGTAGCT-1	4
KO-MSC_ATGTCCCAGACTAAGT-1	2
KO-MSC_ATGTCCCTCGACGCGT-1	4
KO-MSC_ATGTCTTGTCCACTCT-1	2
KO-MSC_ATTACCTAGATAGCTA-1	1
KO-MSC_ATTACCTTCTCGACCT-1	6
KO-MSC_ATTCCCGCATAATCGC-1	5
KO-MSC_ATTCGTTTCCTATTTG-1	2
KO-MSC_ATTCGTTTCGCTAGCG-1	2
KO-MSC_ATTCTACGTGGCCTCA-1	1
KO-MSC_ATTTCACAGGACAAGA-1	1
KO-MSC_CAACCTCAGTCGTTAC-1	5
KO-MSC_CAACCTCTCGTGCAGC-1	3
KO-MSC_CAAGCTAAGCCAGTAG-1	1
KO-MSC_CAATCGATCTTGTTAC-1	1
KO-MSC_CACAACAAGGTTAAAC-1	2
KO-MSC_CACAGGCCACTCTGCT-1	6
KO-MSC_CACATGAGTCCCTCAT-1	1
KO-MSC_CACGTGGGTGTTAACC-1	4
KO-MSC_CACGTGGTCAAATAGG-1	3
KO-MSC_CACTGGGAGGGCAGAG-1	2
KO-MSC_CAGCACGGTTTCGCTC-1	3
KO-MSC_CAGCAGCTCGATACAC-1	5
KO-MSC_CAGCCAGAGCACCGTC-1	4
KO-MSC_CAGCCAGAGGAGGGTG-1	1
KO-MSC_CAGGCCACACTACGGC-1	3
KO-MSC_CAGGGCTCAAATACAG-1	6
KO-MSC_CAGGGCTTCTCCGATC-1	6
KO-MSC_CAGTGCGCAGCGGTCT-1	1
KO-MSC_CATAAGCGTAGGCAGT-1	2
KO-MSC_CATACTTTCTGTGCGG-1	6
KO-MSC_CATCAAGCAACACGTT-1	4
KO-MSC_CATCGCTAGCAAGGAA-1	4
KO-MSC_CATCGGGGTAACATAG-1	3
KO-MSC_CATCGGGGTAGCCAGA-1	2
KO-MSC_CATGAGTCAAAGGCAC-1	2
KO-MSC_CATGAGTTCCTCTCTT-1	3
KO-MSC_CATGCCTAGAAATGGG-1	3
KO-MSC_CATGCCTTCCTAACAG-1	4
KO-MSC_CATTCATCATGACGTT-1	1
KO-MSC_CATTCTACACTCAAGT-1	2
KO-MSC_CCAAGCGCAGTTGTTG-1	4
KO-MSC_CCAATTTCATGTTCAG-1	1
KO-MSC_CCACCATTCTACACAG-1	5
KO-MSC_CCACGAGGTATGCTAC-1	6
KO-MSC_CCATAAGAGTGCAACG-1	4
KO-MSC_CCCTCAATCGGCACTG-1	3
KO-MSC_CCCTCTCTCCGATGTA-1	4
KO-MSC_CCTAAGACAATTCTCT-1	1
KO-MSC_CCTACGTCAAATCCCA-1	2
KO-MSC_CCTATCGAGGGCAGTT-1	3
KO-MSC_CCTCTAGGTCCTCCTA-1	6
KO-MSC_CCTCTCCGTGTCATGT-1	3
KO-MSC_CCTGCATAGACTTCAC-1	1
KO-MSC_CGAAGTTGTGTAGCAG-1	2
KO-MSC_CGACAGCAGTTCCAGT-1	1
KO-MSC_CGACAGCGTGAGGCAT-1	3
KO-MSC_CGAGGCTAGTCTGTAC-1	2
KO-MSC_CGCATGGAGTTGCGAG-1	1
KO-MSC_CGCCAGATCTTGCAGA-1	3
KO-MSC_CGCGTGATCATTCCTA-1	5
KO-MSC_CGGACACCAAGAGTAT-1	1
KO-MSC_CGGACACGTGGTCAAG-1	3
KO-MSC_CGGGTCAGTGAATGAT-1	3
KO-MSC_CGGTCAGCAACCGCCA-1	1
KO-MSC_CGGTCAGCATCTGGGC-1	4
KO-MSC_CGGTCAGTCAGCATTG-1	4
KO-MSC_CGTAAGTGTACTGAGG-1	6
KO-MSC_CGTCCATAGCAACTCT-1	6
KO-MSC_CGTGATATCCATCCGT-1	2
KO-MSC_CGTGTCTGTCTGCGCA-1	4
KO-MSC_CTAACCCTCGTTTACT-1	2
KO-MSC_CTACAGACAAGCAATA-1	3
KO-MSC_CTACGGGAGCCTGTGC-1	5
KO-MSC_CTCAATTAGTGTAGTA-1	3
KO-MSC_CTCAGTCCAGTTTCAG-1	1
KO-MSC_CTCATGCTCCAAGGGA-1	5
KO-MSC_CTCCATGTCGAAACAA-1	1
KO-MSC_CTCCCAACATCGATAC-1	2
KO-MSC_CTCTCGAGTCTGTAGT-1	1
KO-MSC_CTCTGGTCAGCATACT-1	5
KO-MSC_CTGAATGCAAATGATG-1	6
KO-MSC_CTGAATGCACCCGTAG-1	2
KO-MSC_CTGAGCGGTGATACAA-1	2
KO-MSC_CTGCATCGTAACGGTG-1	2
KO-MSC_CTGCATCTCGACCTAA-1	2
KO-MSC_CTGGCAGCAGATGCGA-1	4
KO-MSC_CTGTACCGTATGTCAC-1	2
KO-MSC_CTGTAGACAGCGTACC-1	2
KO-MSC_CTTACCGGTTCGGACC-1	2
KO-MSC_CTTCAATGTCGCGTTG-1	2
KO-MSC_CTTCCGACAGCATCTA-1	2
KO-MSC_CTTCCGAGTCACAGAG-1	1
KO-MSC_CTTCCGATCTGCTCTG-1	3
KO-MSC_CTTCTAAAGTGGCCTC-1	3
KO-MSC_CTTCTAAGTTCAGCGC-1	1
KO-MSC_CTTTCGGTCACCCTTG-1	3
KO-MSC_GAACACTGTTCCACGG-1	4
KO-MSC_GAACACTTCCATTGTT-1	3
KO-MSC_GAAGGGTAGGAGATAG-1	1
KO-MSC_GAAGTAACATAGAATG-1	6
KO-MSC_GACCGTGGTCACTTAG-1	3
KO-MSC_GACTGATAGAGGATCC-1	4
KO-MSC_GACTTCCCAACCACAT-1	6
KO-MSC_GACTTCCCAGTTCCAA-1	3
KO-MSC_GACTTCCGTGTGTTTG-1	1
KO-MSC_GAGACTTCAATCCTTT-1	1
KO-MSC_GAGACTTCACGTCGTG-1	2
KO-MSC_GAGATGGGTACCGGAA-1	3
KO-MSC_GAGCTGCTCGTTATCT-1	1
KO-MSC_GAGGCAACATCGCTCT-1	3
KO-MSC_GAGGCCTCATAGGCGA-1	3
KO-MSC_GAGGCCTTCACACGAT-1	3
KO-MSC_GAGTCTATCTAGGCCG-1	4
KO-MSC_GAGTGTTGTTGCCGCA-1	2
KO-MSC_GAGTTTGTCCGGACGT-1	4
KO-MSC_GATAGAAGTGTTCGAT-1	3
KO-MSC_GATCATGTCAGCCTTC-1	3
KO-MSC_GATGATCTCATGACAC-1	1
KO-MSC_GATGCTATCCGCAACG-1	1
KO-MSC_GATTCGATCATCGGGC-1	3
KO-MSC_GATTCTTTCTATGTGG-1	2
KO-MSC_GCACGTGCAAACGTGG-1	6
KO-MSC_GCACGTGTCGTACACA-1	6
KO-MSC_GCAGCCATCGAAGTGG-1	1
KO-MSC_GCATCTCTCGCCGAAC-1	1
KO-MSC_GCATGATCAGGTTACT-1	1
KO-MSC_GCATTAGTCGAAGTGG-1	1
KO-MSC_GCCAGCATCCTAACAG-1	3
KO-MSC_GCCATTCCAACACTAC-1	3
KO-MSC_GCCATTCTCTAAGAAG-1	3
KO-MSC_GCCCAGATCGAGCCAC-1	2
KO-MSC_GCCCGAACAATTCTCT-1	3
KO-MSC_GCGGATCCAGTGGCTC-1	3
KO-MSC_GCGGATCGTCGCAACC-1	1
KO-MSC_GCGGATCTCCGTGGGT-1	2
KO-MSC_GCTACAACAGAACCGA-1	1
KO-MSC_GCTGCAGCAAACACGG-1	3
KO-MSC_GGAAGTGGTGTCCCTT-1	2
KO-MSC_GGAAGTGTCTTCCGTG-1	3
KO-MSC_GGAATCTGTCAAGCCC-1	6
KO-MSC_GGAATGGCATCCGGTG-1	4
KO-MSC_GGACGTCCAAATTGCC-1	3
KO-MSC_GGAGAACAGAGCCATG-1	2
KO-MSC_GGATCTATCACATTGG-1	1
KO-MSC_GGATGTTCATGAATAG-1	2
KO-MSC_GGATGTTGTACAGTAA-1	3
KO-MSC_GGCACGTGTTAGGGTG-1	3
KO-MSC_GGCTTTCAGACGCATG-1	5
KO-MSC_GGGAGATGTACCTGTA-1	2
KO-MSC_GGGCTACAGAAGTCCG-1	2
KO-MSC_GGGCTACCAGGTCAGA-1	3
KO-MSC_GGGTCACCAACACGTT-1	1
KO-MSC_GGGTGTCAGCGAACTG-1	2
KO-MSC_GGGTTATAGAGCTGAC-1	1
KO-MSC_GGGTTATTCCACCTCA-1	6
KO-MSC_GGTAATCAGGTTGACG-1	4
KO-MSC_GGTAGAGAGATGGTAT-1	1
KO-MSC_GGTCTGGTCCCATGGG-1	4
KO-MSC_GGTGTTATCTATGTGG-1	1
KO-MSC_GGTTAACTCAAATAGG-1	3
KO-MSC_GGTTAACTCCTCTGCA-1	2
KO-MSC_GGTTCTCTCCGGTAGC-1	2
KO-MSC_GGTTGTATCATACGGT-1	1
KO-MSC_GTAAGTCGTTGGGTTT-1	3
KO-MSC_GTACAACCATCCGTTC-1	3
KO-MSC_GTACAGTCAGTCAGCC-1	6
KO-MSC_GTATTGGTCTAGTGTG-1	6
KO-MSC_GTCAAACGTAACGGTG-1	3
KO-MSC_GTCAGCGTCGTTTACT-1	3
KO-MSC_GTCCACTAGTTGGGAC-1	6
KO-MSC_GTCGAATAGCGGGTTA-1	2
KO-MSC_GTCGCGAAGTCACTGT-1	1
KO-MSC_GTCGTAATCAATCAGC-1	3
KO-MSC_GTCTAGAGTCTTGGTA-1	3
KO-MSC_GTGAGCCTCCGATTAG-1	1
KO-MSC_GTGCAGCGTCTTGGTA-1	3
KO-MSC_GTGCTGGTCGGCCTTT-1	1
KO-MSC_GTGGCGTCACGAAAGC-1	1
KO-MSC_GTGTCCTCAAGGGTCA-1	2
KO-MSC_GTGTGGCAGCGTATGG-1	4
KO-MSC_GTGTGGCAGTCAGAGC-1	2
KO-MSC_GTTCATTCATCATTTC-1	1
KO-MSC_GTTGCGGCAGGTTCGC-1	1
KO-MSC_GTTGTAGTCATATGGC-1	1
KO-MSC_GTTGTGAAGAAGCCAC-1	4
KO-MSC_GTTTGGAAGTGAGTTA-1	4
KO-MSC_TAACTTCAGGAGTACC-1	2
KO-MSC_TAAGTCGAGGGCAGAG-1	4
KO-MSC_TACAACGCAATAGTCC-1	3
KO-MSC_TACAGGTGTTACCGTA-1	2
KO-MSC_TACCCGTGTCCAAGAG-1	3
KO-MSC_TACCGAAGTAAGGAGA-1	4
KO-MSC_TACTGCCGTATCAGCT-1	2
KO-MSC_TAGACCAGTGGTCCGT-1	1
KO-MSC_TAGACTGCACGTTGGC-1	3
KO-MSC_TAGAGTCAGGCGAAGG-1	1
KO-MSC_TAGAGTCAGTTCTCTT-1	4
KO-MSC_TAGATCGGTTCTCGCT-1	3
KO-MSC_TAGGAGGGTGTTAAAG-1	3
KO-MSC_TAGGTTGGTCCCACGA-1	1
KO-MSC_TATCTTGTCCAAGCAT-1	1
KO-MSC_TATTGCTCAGCGACAA-1	2
KO-MSC_TCAATCTCACTGTGTA-1	1
KO-MSC_TCAATCTGTGCTGATT-1	1
KO-MSC_TCACAAGCAGAGTTCT-1	4
KO-MSC_TCACACCGTAGCGTTT-1	4
KO-MSC_TCACTATAGCATGCGA-1	2
KO-MSC_TCACTATAGTGAGTTA-1	6
KO-MSC_TCATACTAGGTAGTCG-1	1
KO-MSC_TCATCATAGTAAATGC-1	3
KO-MSC_TCATGGATCTACGCAA-1	4
KO-MSC_TCATGTTGTGCCTGAC-1	1
KO-MSC_TCATTACTCAAGCTGT-1	2
KO-MSC_TCATTCAAGTGCCTCG-1	4
KO-MSC_TCATTGTCAGTCTGGC-1	1
KO-MSC_TCATTGTTCCTCACTG-1	4
KO-MSC_TCATTTGAGATGCCGA-1	1
KO-MSC_TCCACCACACGCTATA-1	4
KO-MSC_TCCATCGAGCACTCGC-1	3
KO-MSC_TCCATCGGTACGCTTA-1	5
KO-MSC_TCCTCCCCAATTTCTC-1	1
KO-MSC_TCCTCCCTCCCTGGTT-1	6
KO-MSC_TCCTCGACAACGATCT-1	1
KO-MSC_TCGAACAAGCCTCCAG-1	4
KO-MSC_TCGACCTCATATCGGT-1	3
KO-MSC_TCGACCTGTCATCAGT-1	3
KO-MSC_TCGACCTTCTTTGCTA-1	6
KO-MSC_TCGGGACCACAACGTT-1	1
KO-MSC_TCGGGACGTACCGTCG-1	3
KO-MSC_TCGGTCTAGAGCATAT-1	3
KO-MSC_TCTAACTCATGGAGAC-1	1
KO-MSC_TCTCACGAGATGTTAG-1	1
KO-MSC_TCTCCGAGTCAAACGG-1	4
KO-MSC_TCTGTCGCAGGAGGTT-1	5
KO-MSC_TCTTCCTAGGGCGAGA-1	4
KO-MSC_TCTTTGAAGGAAAGGT-1	1
KO-MSC_TGAGGGAAGCTTACGT-1	1
KO-MSC_TGAGGTTAGTCAGCGA-1	1
KO-MSC_TGATGCAAGTCCCAGC-1	3
KO-MSC_TGATTTCAGGCTCCCA-1	1
KO-MSC_TGCAGTAGTGAGACGT-1	3
KO-MSC_TGCAGTATCTTACCGC-1	1
KO-MSC_TGCATCCTCCAGTGCG-1	2
KO-MSC_TGCCGAGAGCAATAGT-1	2
KO-MSC_TGCCGAGAGCGGTATG-1	4
KO-MSC_TGCGATAAGCACCTGC-1	1
KO-MSC_TGCGATAAGCATCAAA-1	1
KO-MSC_TGCGGCAGTGTTTACG-1	3
KO-MSC_TGCTCCAGTGGTATGG-1	2
KO-MSC_TGCTGAACATAATGCC-1	1
KO-MSC_TGGCGTGGTTAGAGAT-1	2
KO-MSC_TGGGAAGTCGCACGGT-1	2
KO-MSC_TGGGCTGGTATCAAGA-1	3
KO-MSC_TGGTGATCATGGGATG-1	2
KO-MSC_TGGTTAGAGGCTTAAA-1	1
KO-MSC_TGTAGACAGTTCATGC-1	3
KO-MSC_TGTCCCAGTCTGTCCT-1	3
KO-MSC_TGTTCATAGCCAGACA-1	4
KO-MSC_TTAATCCGTGCCTTTC-1	5
KO-MSC_TTACTGTTCGCCTTGT-1	3
KO-MSC_TTCAATCCATCCAATG-1	2
KO-MSC_TTCACCGGTAATCAGA-1	4
KO-MSC_TTCACGCCATACGCAT-1	2
KO-MSC_TTCCACGAGGCTAAAT-1	4
KO-MSC_TTCCTTCCACTAGGCC-1	3
KO-MSC_TTCTAGTGTGTCCATA-1	2
KO-MSC_TTGGGTACACGGTAGA-1	6
KO-MSC_TTTACTGTCCAGTACA-1	1
KO-MSC_TTTAGTCGTTCCCACT-1	1
KO-MSC_TTTCAGTAGCACGATG-1	4
KO-MSC_TTTCAGTCATGGGATG-1	2
KO-MSC_TTTCGATCAGCACCCA-1	2
KO-MSC_TTTGATCGTATGGGAC-1	1
KO-MSC_TTTGGAGGTGTGACCC-1	4
KO-MSC_TTTGGTTCACGGTGTC-1	1
KO-MSC_TTTGTTGTCTGAACGT-1	5
WT-MSC_AAACGAAGTTCACCGG-1	4
WT-MSC_AAAGGATAGAGTGTTA-1	3
WT-MSC_AAAGTCCCAGGTTTAC-1	3
WT-MSC_AAATGGACATCTCCCA-1	4
WT-MSC_AACAACCCATTAGGCT-1	3
WT-MSC_AACACACAGCGCATCC-1	3
WT-MSC_AACACACGTATGTCAC-1	1
WT-MSC_AACAGGGTCGGCTGGT-1	2
WT-MSC_AACCACAGTGTCCAAT-1	2
WT-MSC_AACCACATCACGGGAA-1	1
WT-MSC_AACCTTTTCACAACCA-1	4
WT-MSC_AAGCGTTCACTACACA-1	1
WT-MSC_AAGGAATCATGGCCAC-1	6
WT-MSC_AAGTACCTCTATGTGG-1	2
WT-MSC_AATCACGAGGTCACTT-1	1
WT-MSC_AATCGACAGGAGCTGT-1	2
WT-MSC_AATGGAAGTTCTAACG-1	4
WT-MSC_AATGGCTTCCAAGGGA-1	5
WT-MSC_AATTCCTCAGATCACT-1	2
WT-MSC_AATTTCCGTTGGGACA-1	4
WT-MSC_AATTTCCTCTCGTGAA-1	2
WT-MSC_ACAAGCTCAACCACGC-1	1
WT-MSC_ACAAGCTCAGCCGTCA-1	3
WT-MSC_ACAAGCTGTATCTCTT-1	5
WT-MSC_ACAGAAACAAGAGTTA-1	1
WT-MSC_ACAGCCGGTATGTGTC-1	4
WT-MSC_ACAGCCGGTCGCAGTC-1	3
WT-MSC_ACAGGGACAGGCTCTG-1	5
WT-MSC_ACATCCCGTTTCGCTC-1	3
WT-MSC_ACATCGAGTTATGGTC-1	2
WT-MSC_ACATGCATCCTATTTG-1	2
WT-MSC_ACCAACACAGACCCGT-1	4
WT-MSC_ACCACAAAGTCTCCTC-1	4
WT-MSC_ACCACAACAAGCTACT-1	1
WT-MSC_ACCACAATCGCTTGCT-1	4
WT-MSC_ACCATTTCATGTTACG-1	2
WT-MSC_ACCCAAACAATACCCA-1	1
WT-MSC_ACCGTTCGTACTGTTG-1	5
WT-MSC_ACCTACCGTGTTCAGT-1	2
WT-MSC_ACCTGTCTCGCTAAAC-1	3
WT-MSC_ACGGGTCCATGACTCA-1	1
WT-MSC_ACGTAACAGCGTATGG-1	2
WT-MSC_ACGTAACTCAAATGAG-1	2
WT-MSC_ACGTACAAGAGAGCAA-1	1
WT-MSC_ACGTTCCCAGCTGGTC-1	1
WT-MSC_ACTACGAAGCAAGTGC-1	1
WT-MSC_ACTGTGATCAATGCAC-1	3
WT-MSC_ACTTAGGCATAATGCC-1	1
WT-MSC_ACTTTCAGTGTAGTGG-1	2
WT-MSC_AGAAATGCAGACCTGC-1	6
WT-MSC_AGACTCATCCTTTGAT-1	1
WT-MSC_AGATAGACACCAGACC-1	3
WT-MSC_AGATCCAAGGTAAACT-1	1
WT-MSC_AGATCCATCGGTGCAC-1	4
WT-MSC_AGATGAACACAAAGTA-1	2
WT-MSC_AGATGCTAGAGAGGTA-1	5
WT-MSC_AGCCAATGTTCGAAGG-1	1
WT-MSC_AGCGATTCATTGTAGC-1	5
WT-MSC_AGCGCCAGTGGGTATG-1	6
WT-MSC_AGCTACACAAATGGAT-1	2
WT-MSC_AGGAAATGTCGCTCGA-1	3
WT-MSC_AGGACGACAGTCCCGA-1	2
WT-MSC_AGGACGACATCCCGTT-1	2
WT-MSC_AGGATAATCCCATTTA-1	3
WT-MSC_AGGCATTAGTCATCCA-1	2
WT-MSC_AGGGCTCGTACCCGAC-1	4
WT-MSC_AGGGTGAAGGAGTATT-1	3
WT-MSC_AGGTTACAGTTCTACG-1	2
WT-MSC_AGGTTGTAGTGTACCT-1	4
WT-MSC_AGTAACCCACACACTA-1	4
WT-MSC_AGTAACCGTATTCCGA-1	4
WT-MSC_AGTACCACAACACACT-1	6
WT-MSC_AGTAGCTCAATTAGGA-1	1
WT-MSC_AGTAGCTTCCTCAGGG-1	1
WT-MSC_AGTAGCTTCGGTAACT-1	2
WT-MSC_AGTAGTCTCATGCTAG-1	2
WT-MSC_AGTCATGTCCTCTTTC-1	2
WT-MSC_AGTGCCGTCGCTTACC-1	3
WT-MSC_AGTGTTGAGTAGACAT-1	1
WT-MSC_AGTGTTGAGTTGTACC-1	5
WT-MSC_AGTTCGACAACCGTAT-1	3
WT-MSC_ATACCGAAGACCACGA-1	1
WT-MSC_ATACTTCGTGTTACTG-1	1
WT-MSC_ATAGAGAGTACCTTCC-1	1
WT-MSC_ATATCCTCAAGTGGTG-1	5
WT-MSC_ATATCCTGTACCATAC-1	1
WT-MSC_ATCACGACATGGCTGC-1	1
WT-MSC_ATCAGGTAGTTTAGGA-1	5
WT-MSC_ATCATTCCAGCCGTCA-1	2
WT-MSC_ATCCCTGCAGAGAATT-1	4
WT-MSC_ATCCGTCCATGACTCA-1	2
WT-MSC_ATCGGATAGCTAAACA-1	6
WT-MSC_ATCGGATCAACTCATG-1	2
WT-MSC_ATCTCTAAGGATCATA-1	3
WT-MSC_ATCTTCACAGGGATAC-1	3
WT-MSC_ATGAAAGAGTCCTGCG-1	4
WT-MSC_ATGAAAGGTGACACGA-1	1
WT-MSC_ATGACCATCCGAGGCT-1	2
WT-MSC_ATGAGTCCAGCCATTA-1	1
WT-MSC_ATGCATGTCTTCCGTG-1	2
WT-MSC_ATGCGATCAAGTGCTT-1	2
WT-MSC_ATGGATCGTGCAACGA-1	2
WT-MSC_ATGGGAGCATGTGGCC-1	4
WT-MSC_ATGGGTTCAATCGCCG-1	2
WT-MSC_ATGGTTGCAGACCATT-1	1
WT-MSC_ATTACCTTCTCGACCT-1	6
WT-MSC_ATTACTCGTTAGGCCC-1	2
WT-MSC_ATTACTCTCTGCGATA-1	1
WT-MSC_ATTATCCCACTGGCCA-1	2
WT-MSC_ATTCAGGCAGAACTCT-1	1
WT-MSC_ATTCATCGTCAACCTA-1	4
WT-MSC_ATTCCATCAAACCGGA-1	1
WT-MSC_ATTCCCGCATAATCGC-1	5
WT-MSC_ATTCGTTTCAGGACAG-1	3
WT-MSC_ATTCTTGGTAGCGCTC-1	3
WT-MSC_ATTCTTGGTTATAGAG-1	3
WT-MSC_ATTCTTGTCGACCAAT-1	3
WT-MSC_ATTGGGTGTGGCACTC-1	2
WT-MSC_ATTTACCAGGTAGACC-1	1
WT-MSC_ATTTACCCATGACTTG-1	3
WT-MSC_CAACAACTCATCTATC-1	1
WT-MSC_CAACAGTTCTTGCGCT-1	4
WT-MSC_CAACCTCAGGCATCGA-1	2
WT-MSC_CAACCTCTCGAATGCT-1	3
WT-MSC_CAAGAGGGTAGATGTA-1	5
WT-MSC_CAAGGGATCGGCAGTC-1	2
WT-MSC_CAATCGAGTGACTCTA-1	1
WT-MSC_CAATTTCAGCAAACAT-1	2
WT-MSC_CAATTTCTCATTGCTT-1	1
WT-MSC_CACACAAGTACTCGCG-1	1
WT-MSC_CACACAAGTTCTCCCA-1	1
WT-MSC_CACACAATCTATTTCG-1	2
WT-MSC_CACAGGCCACTCTGCT-1	6
WT-MSC_CACCAAATCTCTGACC-1	4
WT-MSC_CACCGTTAGGTTGGAC-1	2
WT-MSC_CACCGTTGTCTTGCGG-1	4
WT-MSC_CACCGTTTCAACTTTC-1	2
WT-MSC_CACGAATAGAAGCGCT-1	3
WT-MSC_CACGGGTGTTTGGGTT-1	3
WT-MSC_CACTTCGAGGTCACCC-1	1
WT-MSC_CAGAGCCTCTCCTGAC-1	5
WT-MSC_CAGATACGTACAAGCG-1	2
WT-MSC_CAGATACGTTCTGAGT-1	3
WT-MSC_CAGATCAAGGCAGGTT-1	4
WT-MSC_CAGATCAGTGTGACCC-1	4
WT-MSC_CAGCAATCATCCTCAC-1	4
WT-MSC_CAGCCAGAGCGCCATC-1	2
WT-MSC_CAGCGTGTCCATTGGA-1	3
WT-MSC_CAGCGTGTCGTTGTAG-1	3
WT-MSC_CAGGCCAAGCGCAATG-1	5
WT-MSC_CAGGGCTAGTAAGGGA-1	2
WT-MSC_CAGGGCTCAAATACAG-1	6
WT-MSC_CAGGGCTTCTCCGATC-1	6
WT-MSC_CAGTGCGTCATTTCCA-1	4
WT-MSC_CAGTTAGAGGTGGGTT-1	3
WT-MSC_CATACAGAGACAAGCC-1	3
WT-MSC_CATACTTCACACCTTC-1	3
WT-MSC_CATACTTTCTGTGCGG-1	6
WT-MSC_CATCAAGTCAGTGCGC-1	1
WT-MSC_CATCCACAGATAACAC-1	2
WT-MSC_CATGCAACATACAGGG-1	4
WT-MSC_CATGCCTGTATCCCAA-1	2
WT-MSC_CATGCGGCAGAATCGG-1	2
WT-MSC_CATTCATAGGTACATA-1	5
WT-MSC_CATTCTAAGACCTCAT-1	3
WT-MSC_CATTCTACACAGAGAC-1	4
WT-MSC_CATTGAGAGCTCGTGC-1	4
WT-MSC_CATTGAGCAAATAAGC-1	2
WT-MSC_CATTTCAAGTTGTAAG-1	2
WT-MSC_CATTTCACATGCGTGC-1	1
WT-MSC_CCACGAGGTATGCTAC-1	6
WT-MSC_CCACGTTAGATACATG-1	3
WT-MSC_CCACGTTGTCTTCTAT-1	6
WT-MSC_CCCAACTCAACCGGAA-1	4
WT-MSC_CCCAACTGTGGTACAG-1	2
WT-MSC_CCCAACTTCACTGTCC-1	2
WT-MSC_CCCATTGCAGCGACCT-1	5
WT-MSC_CCCGAAGGTCGCGGTT-1	2
WT-MSC_CCCGGAAAGACGCCCT-1	2
WT-MSC_CCCTCAAAGATAGGGA-1	4
WT-MSC_CCCTCTCAGGACAAGA-1	3
WT-MSC_CCGAACGTCAGTGGGA-1	3
WT-MSC_CCGATCTTCTGAATCG-1	5
WT-MSC_CCGATGGCATCATCCC-1	1
WT-MSC_CCGCAAGAGGATACCG-1	1
WT-MSC_CCGTAGGAGCATCAGG-1	1
WT-MSC_CCTATCGAGGTAAAGG-1	4
WT-MSC_CCTCCAAAGTTACGTC-1	2
WT-MSC_CCTCCTCCAATCGCAT-1	1
WT-MSC_CCTCCTCTCCATTCAT-1	2
WT-MSC_CCTCTAGGTCCTCCTA-1	6
WT-MSC_CCTCTCCAGTCACTAC-1	2
WT-MSC_CCTCTCCAGTGGAAGA-1	3
WT-MSC_CCTCTCCCACGCTGTG-1	1
WT-MSC_CCTGCATCATAATGCC-1	1
WT-MSC_CCTTCAGTCAAGCTTG-1	3
WT-MSC_CGAAGGAAGCCTGAGA-1	1
WT-MSC_CGACAGCAGGAGATAG-1	5
WT-MSC_CGAGGAATCACTAGCA-1	5
WT-MSC_CGAGTGCCACCATATG-1	1
WT-MSC_CGAGTTATCATGAGAA-1	1
WT-MSC_CGAGTTATCCTCACCA-1	3
WT-MSC_CGATCGGCATCGCTAA-1	5
WT-MSC_CGATGCGCAGTAGGAC-1	3
WT-MSC_CGCAGGTAGGACAGCT-1	2
WT-MSC_CGCAGGTCAGTCGCAC-1	2
WT-MSC_CGCATGGTCCTGTTGC-1	4
WT-MSC_CGGACACCAGCCTACG-1	2
WT-MSC_CGGAGAAAGGAAGTCC-1	2
WT-MSC_CGGAGAATCATTTCGT-1	3
WT-MSC_CGGGACTGTTAGAAAC-1	3
WT-MSC_CGGGACTGTTTGAACC-1	1
WT-MSC_CGGGTCAGTTCGTACA-1	5
WT-MSC_CGGGTCATCCCAACTC-1	4
WT-MSC_CGGTCAGCATCGGCCA-1	2
WT-MSC_CGTAAGTGTACTGAGG-1	6
WT-MSC_CGTCAAACAGGCCCTA-1	3
WT-MSC_CGTCCATGTAAGGTCG-1	3
WT-MSC_CGTGAATCAAGAGTTA-1	5
WT-MSC_CGTGTCTAGGAGGTTC-1	4
WT-MSC_CGTTGGGTCCCGTTGT-1	3
WT-MSC_CTAACCCAGCACCCAC-1	2
WT-MSC_CTAACCCCAAGTGGTG-1	4
WT-MSC_CTAACCCGTTGTGTAC-1	1
WT-MSC_CTACATTAGAACAAGG-1	1
WT-MSC_CTACATTAGGCACAAC-1	1
WT-MSC_CTACCCAAGCGTATAA-1	1
WT-MSC_CTACCTGAGCAGTACG-1	1
WT-MSC_CTACTATCATAAGCAA-1	2
WT-MSC_CTACTATTCCTGATAG-1	1
WT-MSC_CTAGACACAAATAGCA-1	2
WT-MSC_CTATAGGTCCCAGTGG-1	4
WT-MSC_CTCAATTTCTTGAACG-1	5
WT-MSC_CTCAGAATCAAGTGGG-1	2
WT-MSC_CTCAGGGTCAGGTGTT-1	2
WT-MSC_CTCAGTCCAAACGGCA-1	4
WT-MSC_CTCATCGAGGTCTACT-1	5
WT-MSC_CTCCATGGTGGACTAG-1	4
WT-MSC_CTCCCAATCAGCTCTC-1	1
WT-MSC_CTCCCTCCAGAGGGTT-1	2
WT-MSC_CTCCCTCCAGGATTCT-1	1
WT-MSC_CTCCTTTGTCTTTCAT-1	4
WT-MSC_CTCGAGGCACATGGTT-1	4
WT-MSC_CTCTGGTTCAATCCGA-1	2
WT-MSC_CTCTGGTTCGCCGAAC-1	2
WT-MSC_CTGAATGCAAATGATG-1	6
WT-MSC_CTGATCCTCCTATTTG-1	3
WT-MSC_CTGCATCTCTTCGATT-1	2
WT-MSC_CTGCCTACAATAACGA-1	3
WT-MSC_CTGCGAGGTGCATCTA-1	1
WT-MSC_CTGGCAGGTACTGCGC-1	1
WT-MSC_CTGTACCAGGGATCGT-1	1
WT-MSC_CTGTGGGGTCGAGCAA-1	4
WT-MSC_CTGTGGGTCAAGAGGC-1	5
WT-MSC_CTTCTAATCCGAGGCT-1	5
WT-MSC_CTTGAGAGTCCAGTTA-1	1
WT-MSC_CTTGAGATCTATCGCC-1	4
WT-MSC_CTTTCAACAAGCGAGT-1	3
WT-MSC_GAAACCTCACTGTTCC-1	4
WT-MSC_GAACACTAGAGCAGTC-1	3
WT-MSC_GAACACTAGGTTCAGG-1	1
WT-MSC_GAACACTGTTCCACGG-1	4
WT-MSC_GAACTGTTCGGTAAGG-1	3
WT-MSC_GAAGGACCACTTGTGA-1	3
WT-MSC_GAAGGGTAGCGGTATG-1	3
WT-MSC_GAAGTAACATAGAATG-1	6
WT-MSC_GAATAGACAAAGCTCT-1	4
WT-MSC_GACACGCTCGTGCTCT-1	4
WT-MSC_GACCGTGGTTGCATCA-1	3
WT-MSC_GACCGTGTCCCAGCGA-1	1
WT-MSC_GACTTCCCAACCACAT-1	6
WT-MSC_GAGAAATCAACCACAT-1	1
WT-MSC_GAGACCCAGTTCTCTT-1	5
WT-MSC_GAGACCCGTCGTTATG-1	3
WT-MSC_GAGGCAACATCGCTCT-1	3
WT-MSC_GAGGGATAGCACCGAA-1	1
WT-MSC_GAGGGATGTAAGTTAG-1	2
WT-MSC_GAGTCATTCATCTGTT-1	3
WT-MSC_GAGTCTAAGTTTAGGA-1	1
WT-MSC_GAGTCTAGTTGTTGTG-1	1
WT-MSC_GATAGAAGTGTTCGAT-1	5
WT-MSC_GATCACACAGTCTTCC-1	3
WT-MSC_GATCCCTGTAACCCTA-1	3
WT-MSC_GATGAGGTCTAGGAAA-1	3
WT-MSC_GATGATCAGACGCAGT-1	4
WT-MSC_GATGCTAGTCCGGTGT-1	2
WT-MSC_GATGTTGAGGTTCACT-1	3
WT-MSC_GATTCGAAGTAGTCCT-1	4
WT-MSC_GCAACATAGGCAGTCA-1	5
WT-MSC_GCACGTGCAAACGTGG-1	6
WT-MSC_GCACGTGCACAGTATC-1	2
WT-MSC_GCACGTGTCGTACACA-1	6
WT-MSC_GCACTAATCCACACCT-1	5
WT-MSC_GCAGCCAAGCACTAGG-1	3
WT-MSC_GCAGCCACAGTCCGTG-1	2
WT-MSC_GCAGCTGCACATAACC-1	4
WT-MSC_GCAGCTGCAGATTCGT-1	3
WT-MSC_GCAGCTGTCCATTGCC-1	1
WT-MSC_GCATCGGAGAGGTATT-1	3
WT-MSC_GCATCTCGTCATAGTC-1	4
WT-MSC_GCATTAGTCGCTTAAG-1	3
WT-MSC_GCCAACGTCGCTCCTA-1	4
WT-MSC_GCCAGCACACGGTGAA-1	1
WT-MSC_GCCCAGACAAAGGAGA-1	4
WT-MSC_GCCCGAAGTGTATCCA-1	3
WT-MSC_GCGAGAACATGGGTCC-1	5
WT-MSC_GCGGAAAAGCTTGTTG-1	3
WT-MSC_GCGTTTCTCTTTGCTA-1	1
WT-MSC_GCTACAACAGGTGACA-1	2
WT-MSC_GCTACCTTCTTCGTAT-1	4
WT-MSC_GCTTCACGTTATTCTC-1	1
WT-MSC_GCTTGGGTCACGGTCG-1	4
WT-MSC_GGAACCCAGTGAGGTC-1	2
WT-MSC_GGAATCTGTCAAGCCC-1	6
WT-MSC_GGAGCAAAGTATGGAT-1	2
WT-MSC_GGATCTATCGCTTTAT-1	3
WT-MSC_GGATGTTAGCGCTTCG-1	4
WT-MSC_GGCACGTAGTTCCAGT-1	2
WT-MSC_GGCTGTGGTAGGACTG-1	2
WT-MSC_GGGAAGTGTAGGGTAC-1	2
WT-MSC_GGGAAGTTCGCAAGAG-1	4
WT-MSC_GGGAGTAAGTCGAAAT-1	2
WT-MSC_GGGCTACCAGAATCGG-1	2
WT-MSC_GGGCTACTCGCCTATC-1	3
WT-MSC_GGGTATTCACCATTCC-1	3
WT-MSC_GGGTCACCAACCACGC-1	2
WT-MSC_GGGTCTGCAACTCGTA-1	2
WT-MSC_GGGTGAAGTAGTCGTT-1	2
WT-MSC_GGGTGTCAGTCGCCAC-1	2
WT-MSC_GGGTTATAGACCAACG-1	1
WT-MSC_GGGTTATTCCACCTCA-1	6
WT-MSC_GGTAACTCACTAACCA-1	3
WT-MSC_GGTAACTCATGCAGGA-1	4
WT-MSC_GGTAACTTCCAAACCA-1	2
WT-MSC_GGTGAAGTCAAATGCC-1	2
WT-MSC_GGTGTCGGTGGTTTAC-1	1
WT-MSC_GGTGTTAAGTCCCAGC-1	4
WT-MSC_GGTGTTACAGATTTCG-1	2
WT-MSC_GGTGTTAGTGCATGAG-1	4
WT-MSC_GGTTCTCTCCATTCAT-1	5
WT-MSC_GGTTCTCTCTGCTAGA-1	3
WT-MSC_GTAACACAGTAATCCC-1	2
WT-MSC_GTAACACGTGCATTTG-1	4
WT-MSC_GTAATCGGTCTCCCTA-1	3
WT-MSC_GTACAGTCAGTCAGCC-1	6
WT-MSC_GTAGAGGCACGCTTAA-1	3
WT-MSC_GTAGAGGGTCCTCATC-1	3
WT-MSC_GTAGATCAGGTTCACT-1	3
WT-MSC_GTAGATCTCGGAGATG-1	1
WT-MSC_GTAGCTAGTTCGGCCA-1	5
WT-MSC_GTAGCTAGTTTAGAGA-1	1
WT-MSC_GTATTGGTCTAGTGTG-1	6
WT-MSC_GTCAAACCATGACTTG-1	3
WT-MSC_GTCACTCCATGCCGGT-1	4
WT-MSC_GTCAGCGAGAGCTTTC-1	2
WT-MSC_GTCAGCGTCACAAGGG-1	2
WT-MSC_GTCATTTTCGCTAAAC-1	3
WT-MSC_GTCCACTAGTTGGGAC-1	6
WT-MSC_GTCGCGAAGTGCTAGG-1	2
WT-MSC_GTCGTAATCTACCTTA-1	1
WT-MSC_GTCTTTACACAATCTG-1	2
WT-MSC_GTCTTTAGTCACTCTC-1	3
WT-MSC_GTCTTTATCTCGACCT-1	2
WT-MSC_GTGCAGCCAAATACGA-1	1
WT-MSC_GTGCAGCGTCTTGGTA-1	3
WT-MSC_GTGCGTGGTCCCTGTT-1	3
WT-MSC_GTGCGTGGTGTCCAAT-1	4
WT-MSC_GTGCTGGAGGACAAGA-1	2
WT-MSC_GTGCTGGGTAATGATG-1	1
WT-MSC_GTGCTGGTCAGACCTA-1	3
WT-MSC_GTGGGAAAGGGATCTG-1	1
WT-MSC_GTGGGAATCCCGTAAA-1	1
WT-MSC_GTGGTTAAGGATGCGT-1	3
WT-MSC_GTGTAACCAATGTGGG-1	5
WT-MSC_GTGTGGCCATCGGTTA-1	1
WT-MSC_GTGTGGCGTCCACGCA-1	4
WT-MSC_GTGTGGCTCAAAGACA-1	1
WT-MSC_GTGTGGCTCGACCACG-1	3
WT-MSC_GTTACCCAGCAGATAT-1	3
WT-MSC_GTTAGACCACCCTAAA-1	4
WT-MSC_GTTAGTGCATACTGAC-1	2
WT-MSC_GTTCATTAGTCGAGGT-1	5
WT-MSC_GTTCATTGTGAATAAC-1	3
WT-MSC_GTTCCGTGTATCACCA-1	5
WT-MSC_GTTCGCTTCATGGCCG-1	1
WT-MSC_GTTCTATAGCACTGGA-1	5
WT-MSC_GTTGAACGTGATATAG-1	2
WT-MSC_GTTGCGGAGTGCAGGT-1	4
WT-MSC_GTTGTAGGTTCCGCAG-1	4
WT-MSC_GTTGTGAGTGTTACTG-1	2
WT-MSC_GTTGTGATCCCTCTAG-1	2
WT-MSC_GTTTGGATCGGTCACG-1	2
WT-MSC_TAACCAGAGCAGTACG-1	1
WT-MSC_TAACTTCGTTGCATGT-1	3
WT-MSC_TAAGCCACACATGGTT-1	5
WT-MSC_TAAGCCAGTTACGATC-1	2
WT-MSC_TAAGCCATCCTTTGAT-1	4
WT-MSC_TAAGCGTTCGTTCGCT-1	3
WT-MSC_TACAACGAGCGTCGAA-1	5
WT-MSC_TACAACGCAGCAGAAC-1	5
WT-MSC_TACACCCAGAAACTAC-1	1
WT-MSC_TACACCCCATCCGATA-1	4
WT-MSC_TACATTCGTCACAGTT-1	1
WT-MSC_TACCCGTAGCAATTAG-1	4
WT-MSC_TACCGGGAGCAACAAT-1	4
WT-MSC_TACCTGCGTGCTCCGA-1	1
WT-MSC_TACGCTCCAGGACTTT-1	1
WT-MSC_TACGCTCGTGGTCTTA-1	1
WT-MSC_TACTGCCTCAAATAGG-1	1
WT-MSC_TACTGCCTCTACGGTA-1	3
WT-MSC_TACTTGTAGGTTCCAT-1	1
WT-MSC_TAGACTGAGAAACTAC-1	1
WT-MSC_TAGCACAAGCGCCGTT-1	3
WT-MSC_TAGGAGGTCCGGACGT-1	2
WT-MSC_TAGGGTTAGTATCTGC-1	1
WT-MSC_TAGGGTTCAGCATACT-1	3
WT-MSC_TATACCTCAATTGCAC-1	4
WT-MSC_TATATCCAGAATTGCA-1	3
WT-MSC_TATATCCTCTGCTAGA-1	1
WT-MSC_TATCGCCCACACACGC-1	3
WT-MSC_TATCGCCTCTTGCAAG-1	1
WT-MSC_TATCTGTAGGACAGTC-1	2
WT-MSC_TATTCCAGTCGCGTCA-1	4
WT-MSC_TATTCCATCGTAACTG-1	5
WT-MSC_TCAAGACGTTGGTACT-1	3
WT-MSC_TCAAGTGAGGAACTAT-1	3
WT-MSC_TCAATCTTCGCAGTCG-1	4
WT-MSC_TCAATTCGTCGAATTC-1	1
WT-MSC_TCAATTCTCGACGATT-1	4
WT-MSC_TCACATTCAGCCTACG-1	1
WT-MSC_TCACGCTGTGCGAGTA-1	3
WT-MSC_TCACGGGGTCACCTTC-1	5
WT-MSC_TCACTATAGAAGTCAT-1	4
WT-MSC_TCACTATAGTGAGTTA-1	6
WT-MSC_TCACTCGCAAGTCCAT-1	1
WT-MSC_TCAGCAAGTTGTACGT-1	1
WT-MSC_TCAGCCTCAAGCGGAT-1	2
WT-MSC_TCAGTGAAGGTACTGG-1	3
WT-MSC_TCAGTTTAGTTGGCTT-1	3
WT-MSC_TCAGTTTTCCACCCTA-1	5
WT-MSC_TCATACTAGCATTTCG-1	4
WT-MSC_TCATACTCATGACTTG-1	4
WT-MSC_TCATCATCAGGGAATC-1	4
WT-MSC_TCATCATGTCCCGGTA-1	1
WT-MSC_TCATGCCCAATGAGCG-1	3
WT-MSC_TCATGCCGTCGTTGGC-1	1
WT-MSC_TCCACCACACGCTATA-1	4
WT-MSC_TCCACGTTCTTTCAGT-1	1
WT-MSC_TCCATCGAGCTTCTAG-1	3
WT-MSC_TCCATCGGTGACAGGT-1	3
WT-MSC_TCCATGCAGGTTGTTC-1	5
WT-MSC_TCCATGCCAAGTACCT-1	1
WT-MSC_TCCCACAGTAGTCGTT-1	1
WT-MSC_TCCCAGTTCGTACCTC-1	3
WT-MSC_TCCGAAAAGACCATTC-1	5
WT-MSC_TCCGATCCATCCTGTC-1	1
WT-MSC_TCCGTGTCAACCTAAC-1	3
WT-MSC_TCCTCCCTCCCTGGTT-1	6
WT-MSC_TCCTGCAGTCTGATCA-1	1
WT-MSC_TCCTTTCAGTGCACAG-1	1
WT-MSC_TCCTTTCTCATAGACC-1	1
WT-MSC_TCGAACAGTGGTAATA-1	3
WT-MSC_TCGAAGTAGTGGTGAC-1	3
WT-MSC_TCGACCTCACGTCATA-1	2
WT-MSC_TCGATTTAGGGTTAAT-1	4
WT-MSC_TCGATTTTCTGAATGC-1	1
WT-MSC_TCGCAGGGTTCGGTCG-1	6
WT-MSC_TCGGGACTCTAGTGAC-1	4
WT-MSC_TCGGTCTTCGGAGTGA-1	2
WT-MSC_TCGTAGAGTGAGGCAT-1	2
WT-MSC_TCGTCCAAGCATCCTA-1	4
WT-MSC_TCGTGCTAGACTACGG-1	3
WT-MSC_TCGTGCTGTTCAGGTT-1	1
WT-MSC_TCTACCGCAGTACTAC-1	3
WT-MSC_TCTATACCAAGTGACG-1	5
WT-MSC_TCTATACGTATTAAGG-1	4
WT-MSC_TCTGCCACACAAGTGG-1	5
WT-MSC_TCTGCCAGTTATGACC-1	2
WT-MSC_TCTGCCATCGCGCTGA-1	3
WT-MSC_TCTGGCTGTCCGACGT-1	3
WT-MSC_TCTGGCTGTCTATGAC-1	2
WT-MSC_TCTTAGTAGGGAACAA-1	3
WT-MSC_TGACAGTGTGGAGGTT-1	1
WT-MSC_TGACCCTCACGGGTAA-1	2
WT-MSC_TGACGCGTCAGAATAG-1	3
WT-MSC_TGACTCCTCCCTGGTT-1	3
WT-MSC_TGAGACTGTGGCCTCA-1	2
WT-MSC_TGAGGGATCTACTGCC-1	4
WT-MSC_TGATCTTCATGGATCT-1	5
WT-MSC_TGATCTTTCCAACCGG-1	3
WT-MSC_TGCAGGCGTGACTCGC-1	4
WT-MSC_TGCAGTACATTAAGCC-1	2
WT-MSC_TGCATCCAGGTAGATT-1	4
WT-MSC_TGCATCCCAGAGCGTA-1	5
WT-MSC_TGCATGAGTGGCTACC-1	2
WT-MSC_TGCATGATCATGGCCG-1	5
WT-MSC_TGCGGCAAGCGATTCT-1	2
WT-MSC_TGCTCGTCACTACCGG-1	1
WT-MSC_TGCTTCGCAGTTACCA-1	4
WT-MSC_TGGAACTAGCTCTGTA-1	2
WT-MSC_TGGAACTTCCGATAAC-1	4
WT-MSC_TGGAGAGCAGCTTTCC-1	3
WT-MSC_TGGAGGACACTGCGAC-1	3
WT-MSC_TGGATCAAGATTACCC-1	2
WT-MSC_TGGATCAGTAACGATA-1	3
WT-MSC_TGGGAGAAGCCATGCC-1	5
WT-MSC_TGGGAGAGTGTCCGTG-1	1
WT-MSC_TGGGATTGTCGCCTAG-1	3
WT-MSC_TGGGCTGAGCCTATCA-1	2
WT-MSC_TGGGTTAAGATAACGT-1	3
WT-MSC_TGGGTTATCGGAGATG-1	1
WT-MSC_TGGTACATCTACGGTA-1	2
WT-MSC_TGGTAGTGTATCAGCT-1	3
WT-MSC_TGTAACGAGCACCCAC-1	2
WT-MSC_TGTAACGTCCGAGATT-1	4
WT-MSC_TGTAAGCGTGATTCTG-1	2
WT-MSC_TGTAAGCTCTACTATC-1	2
WT-MSC_TGTACAGTCTGTCCGT-1	3
WT-MSC_TGTAGACTCCTTATGT-1	2
WT-MSC_TGTCCACGTGATTCTG-1	2
WT-MSC_TGTGTGAGTGATAGAT-1	3
WT-MSC_TGTTCTACAAGCGCAA-1	1
WT-MSC_TGTTCTAGTGATACCT-1	1
WT-MSC_TTAATCCAGCGTATAA-1	3
WT-MSC_TTACAGGCAAGTGGTG-1	3
WT-MSC_TTACCATTCTTCGTAT-1	1
WT-MSC_TTACGTTGTCTACACA-1	4
WT-MSC_TTACTGTGTCCTACGG-1	4
WT-MSC_TTACTGTTCAAATGCC-1	5
WT-MSC_TTAGGCACAAGGAGTC-1	2
WT-MSC_TTAGGCACAATTGCTG-1	1
WT-MSC_TTAGGGTCATACATCG-1	5
WT-MSC_TTATTGCAGATACGAT-1	1
WT-MSC_TTCAATCCAATAGAGT-1	4
WT-MSC_TTCAATCGTTGGGAAC-1	2
WT-MSC_TTCCACGAGGCTAAAT-1	4
WT-MSC_TTCCTTCGTTGCTCAA-1	1
WT-MSC_TTCGCTGTCGCGTTTC-1	3
WT-MSC_TTCGGTCCATACCACA-1	2
WT-MSC_TTCTAACGTGAGCTCC-1	4
WT-MSC_TTCTAACGTTTCGACA-1	3
WT-MSC_TTCTTCCGTAGAATGT-1	3
WT-MSC_TTCTTGACAAGCACCC-1	2
WT-MSC_TTCTTGACAGGCTTGC-1	1
WT-MSC_TTGCATTGTAGTGCGA-1	3
WT-MSC_TTGCCTGCAAGTCATC-1	4
WT-MSC_TTGCCTGCAGGTTCAT-1	4
WT-MSC_TTGCTGCCAGATCCTA-1	5
WT-MSC_TTGGATGTCCTGGTCT-1	1
WT-MSC_TTGGATGTCGTTCTCG-1	4
WT-MSC_TTGGGATTCTTTGCAT-1	2
WT-MSC_TTGGGTACACGGTAGA-1	6
WT-MSC_TTGGTTTGTATGCTTG-1	2
WT-MSC_TTGGTTTTCCCTATTA-1	4
WT-MSC_TTGGTTTTCCTATTGT-1	4
WT-MSC_TTGTGTTTCTATCGTT-1	1
WT-MSC_TTGTTTGAGTATGTAG-1	3
WT-MSC_TTTAGTCCATGCCATA-1	4
WT-MSC_TTTCAGTAGTTGCCTA-1	5
WT-MSC_TTTCAGTCACTATCCC-1	2
WT-MSC_TTTCGATCAGCACCCA-1	2
WT-MSC_TTTGGAGAGATTAGAC-1	4
WT-MSC_TTTGGTTGTTCCACAA-1	1
WT-MSC_TTTGGTTTCAAGTCTG-1	3
WT-MSC_TTTGTTGAGACAGTCG-1	2
