KO-MSC_AAACGCTTCACGATCA-1	-5.81002	-30.2279
KO-MSC_AAAGGATAGGGCAGAG-1	10.5841	18.3349
KO-MSC_AAAGGGCTCTTTGATC-1	23.3652	22.2723
KO-MSC_AAAGGTAAGGTAAGGA-1	-17.9519	19.3916
KO-MSC_AAAGTCCGTAGACTGG-1	-0.313105	-30.4706
KO-MSC_AACAACCTCGGACCAC-1	22.4058	25.7871
KO-MSC_AACAAGAGTCATAACC-1	12.7595	9.97912
KO-MSC_AACACACAGCGCATCC-1	-36.1051	-8.89642
KO-MSC_AACCAACAGGGACAGG-1	-7.77991	-30.324
KO-MSC_AACCATGCAGGCATGA-1	-5.48998	-23.2002
KO-MSC_AACCATGTCAACTCTT-1	-26.7111	15.6763
KO-MSC_AAGCGAGCAGAGGTTG-1	-3.14511	-34.0115
KO-MSC_AAGCGTTGTATGCTAC-1	10.0427	16.859
KO-MSC_AAGGAATCATGGCCAC-1	-20.6853	-4.52185
KO-MSC_AAGTCGTTCAGCTTCC-1	22.1096	-0.633711
KO-MSC_AAGTTCGTCTCATTAC-1	18.4422	8.23739
KO-MSC_AATAGAGGTCGTCTCT-1	23.9442	18.79
KO-MSC_AATCGACCACCCTTAC-1	-18.9355	19.0007
KO-MSC_AATCGACTCGCTCTCA-1	24.1492	24.7043
KO-MSC_AATTCCTCAACCAGAG-1	5.58955	20.5506
KO-MSC_ACAACCAAGACGTCGA-1	-0.0353906	-24.8433
KO-MSC_ACATCCCGTTCCTTGC-1	3.03886	11.19
KO-MSC_ACATCGATCTAGACAC-1	17.5287	28.6695
KO-MSC_ACATGCAGTTCCGCTT-1	-25.4994	17.2171
KO-MSC_ACCAAACCAATGAAAC-1	-6.46605	-36.1031
KO-MSC_ACCAACACACGGGCTT-1	21.6219	-2.45388
KO-MSC_ACCTGTCAGAGTTGAT-1	-9.74065	-30.2715
KO-MSC_ACGGGTCAGCTGTTAC-1	8.1693	19.0798
KO-MSC_ACGGTTAAGCAAGTGC-1	-0.00921701	19.3929
KO-MSC_ACGGTTACAATAGGGC-1	19.0238	27.1382
KO-MSC_ACGTACATCCACAAGT-1	-0.771001	-24.8376
KO-MSC_ACGTTCCCATGAGAAT-1	-10.1142	-26.2107
KO-MSC_ACTCCCACAACGCCCA-1	20.9828	27.7421
KO-MSC_ACTGATGCATCTGCGG-1	-5.11493	-25.1077
KO-MSC_ACTGATGTCATGGATC-1	10.2774	12.0713
KO-MSC_ACTGTCCAGAAGTCCG-1	23.1521	19.1295
KO-MSC_ACTGTGAGTCCTGTTC-1	20.2121	26.605
KO-MSC_ACTTAGGGTGCCCACA-1	15.96	-2.30313
KO-MSC_ACTTAGGTCCGAAGGA-1	0.125173	-25.358
KO-MSC_ACTTCCGTCAAGTCTG-1	12.8361	5.91539
KO-MSC_AGAAATGCAGACCTGC-1	-20.1313	-6.99239
KO-MSC_AGAAATGCAGTTTGGT-1	-6.02851	-29.9041
KO-MSC_AGAACCTTCAAGCCAT-1	-10.3205	-25.4178
KO-MSC_AGACACTAGGTAAGAG-1	-21.5339	17.6243
KO-MSC_AGACACTTCAGCAATC-1	-22.662	20.4963
KO-MSC_AGACAGGTCCACTGAA-1	-5.36719	-29.1339
KO-MSC_AGACTCAGTTCCTTGC-1	5.26491	11.0786
KO-MSC_AGAGAATAGAGATTCA-1	-23.8224	-9.9623
KO-MSC_AGCCAGCCAGCCTTCT-1	-1.90398	-29.3251
KO-MSC_AGCGCCAGTGGGTATG-1	-22.3318	-9.30711
KO-MSC_AGCGCTGGTGGTAATA-1	-2.11966	13.6364
KO-MSC_AGCGTATAGGTTGCCC-1	-0.862911	-25.72
KO-MSC_AGCGTATGTCACTACA-1	16.5555	25.2586
KO-MSC_AGCTTCCAGAGCATCG-1	-27.1686	15.2874
KO-MSC_AGGTCTAGTGTGAGCA-1	-36.0361	-10.3003
KO-MSC_AGGTTGTCAACGGCCT-1	17.6706	-2.12866
KO-MSC_AGTACCACAACACACT-1	-22.8214	-8.31096
KO-MSC_AGTGACTGTCGGATTT-1	12.6349	9.01874
KO-MSC_AGTGACTGTGCTTATG-1	22.4963	-2.622
KO-MSC_AGTGTTGAGAAGCGCT-1	-4.37688	-33.6219
KO-MSC_AGTTCCCCACCCTAAA-1	-6.64604	-29.0464
KO-MSC_ATATCCTCAAATCGTC-1	18.4372	7.46185
KO-MSC_ATCACTTCAGTAGTTC-1	-20.0465	17.3232
KO-MSC_ATCACTTTCCGTATAG-1	24.0357	26.7687
KO-MSC_ATCATTCAGTCGTCTA-1	-6.75186	-33.8129
KO-MSC_ATCCACCCACCCATAA-1	-28.768	18.0823
KO-MSC_ATCCATTCACAACATC-1	-4.74518	-34.8686
KO-MSC_ATCGATGGTTAAGGGC-1	-0.0548878	19.4317
KO-MSC_ATCGATGTCCAAGCTA-1	-19.3862	17.975
KO-MSC_ATCGGATAGCTAAACA-1	-19.9262	-6.17223
KO-MSC_ATCGTGATCACCCTCA-1	-1.7043	13.3637
KO-MSC_ATGAGGGGTCGTAATC-1	13.3019	6.82316
KO-MSC_ATGAGGGGTTGTAGCT-1	-22.9059	21.4682
KO-MSC_ATGTCCCAGACTAAGT-1	17.6222	-2.95144
KO-MSC_ATGTCCCTCGACGCGT-1	-19.8472	18.9811
KO-MSC_ATGTCTTGTCCACTCT-1	13.5962	10.1501
KO-MSC_ATTACCTAGATAGCTA-1	-2.19662	-24.5853
KO-MSC_ATTACCTTCTCGACCT-1	-19.6558	-5.42021
KO-MSC_ATTCCCGCATAATCGC-1	-1.93273	12.5056
KO-MSC_ATTCGTTTCCTATTTG-1	22.2758	-2.91795
KO-MSC_ATTCGTTTCGCTAGCG-1	11.3748	6.01408
KO-MSC_ATTCTACGTGGCCTCA-1	-10.1018	-26.4874
KO-MSC_ATTTCACAGGACAAGA-1	-9.70587	-29.1689
KO-MSC_CAACCTCAGTCGTTAC-1	0.627138	8.61857
KO-MSC_CAACCTCTCGTGCAGC-1	12.3072	15.3816
KO-MSC_CAAGCTAAGCCAGTAG-1	-9.16626	-30.3733
KO-MSC_CAATCGATCTTGTTAC-1	-2.82409	-24.3601
KO-MSC_CACAACAAGGTTAAAC-1	10.8773	11.2428
KO-MSC_CACAGGCCACTCTGCT-1	-24.0024	-8.09074
KO-MSC_CACATGAGTCCCTCAT-1	0.521985	-24.9634
KO-MSC_CACGTGGGTGTTAACC-1	-27.9728	17.6517
KO-MSC_CACGTGGTCAAATAGG-1	18.746	9.57465
KO-MSC_CACTGGGAGGGCAGAG-1	17.9014	6.66616
KO-MSC_CAGCACGGTTTCGCTC-1	9.45897	20.1798
KO-MSC_CAGCAGCTCGATACAC-1	2.95349	11.4419
KO-MSC_CAGCCAGAGCACCGTC-1	-16.8968	25.5591
KO-MSC_CAGCCAGAGGAGGGTG-1	-2.43777	-28.7811
KO-MSC_CAGGCCACACTACGGC-1	5.25363	20.5315
KO-MSC_CAGGGCTCAAATACAG-1	-22.5416	-8.88003
KO-MSC_CAGGGCTTCTCCGATC-1	-21.9173	-6.91354
KO-MSC_CAGTGCGCAGCGGTCT-1	-10.5476	-26.174
KO-MSC_CATAAGCGTAGGCAGT-1	13.527	7.54858
KO-MSC_CATACTTTCTGTGCGG-1	-19.5689	-5.40816
KO-MSC_CATCAAGCAACACGTT-1	-19.0195	19.7521
KO-MSC_CATCGCTAGCAAGGAA-1	-19.5141	19.6127
KO-MSC_CATCGGGGTAACATAG-1	13.0709	22.91
KO-MSC_CATCGGGGTAGCCAGA-1	13.9608	3.83632
KO-MSC_CATGAGTCAAAGGCAC-1	16.4334	1.37178
KO-MSC_CATGAGTTCCTCTCTT-1	21.0882	27.1314
KO-MSC_CATGCCTAGAAATGGG-1	23.4866	20.9785
KO-MSC_CATGCCTTCCTAACAG-1	-20.7824	21.044
KO-MSC_CATTCATCATGACGTT-1	-2.83849	-29.1158
KO-MSC_CATTCTACACTCAAGT-1	17.9123	-3.58562
KO-MSC_CCAAGCGCAGTTGTTG-1	-18.9537	25.3693
KO-MSC_CCAATTTCATGTTCAG-1	-10.6107	-29.6862
KO-MSC_CCACCATTCTACACAG-1	-1.91345	14.2945
KO-MSC_CCACGAGGTATGCTAC-1	-19.6312	-5.3265
KO-MSC_CCATAAGAGTGCAACG-1	-28.0737	15.6418
KO-MSC_CCCTCAATCGGCACTG-1	17.639	27.1192
KO-MSC_CCCTCTCTCCGATGTA-1	-27.5581	17.4049
KO-MSC_CCTAAGACAATTCTCT-1	-8.41033	-28.4153
KO-MSC_CCTACGTCAAATCCCA-1	12.1224	10.2034
KO-MSC_CCTATCGAGGGCAGTT-1	24.7508	22.7301
KO-MSC_CCTCTAGGTCCTCCTA-1	-20.0395	-5.94497
KO-MSC_CCTCTCCGTGTCATGT-1	21.4856	18.7431
KO-MSC_CCTGCATAGACTTCAC-1	-2.78146	-36.0683
KO-MSC_CGAAGTTGTGTAGCAG-1	11.3951	-0.087377
KO-MSC_CGACAGCAGTTCCAGT-1	0.978089	-29.1836
KO-MSC_CGACAGCGTGAGGCAT-1	-35.9708	-9.79527
KO-MSC_CGAGGCTAGTCTGTAC-1	16.2999	-2.83282
KO-MSC_CGCATGGAGTTGCGAG-1	-10.9356	-33.2249
KO-MSC_CGCCAGATCTTGCAGA-1	17.632	26.1775
KO-MSC_CGCGTGATCATTCCTA-1	-1.27237	3.24062
KO-MSC_CGGACACCAAGAGTAT-1	-3.00689	-29.4097
KO-MSC_CGGACACGTGGTCAAG-1	23.1237	24.9099
KO-MSC_CGGGTCAGTGAATGAT-1	-37.1818	-9.25942
KO-MSC_CGGTCAGCAACCGCCA-1	-9.58268	-23.9203
KO-MSC_CGGTCAGCATCTGGGC-1	-23.8983	17.4687
KO-MSC_CGGTCAGTCAGCATTG-1	-27.5352	13.4758
KO-MSC_CGTAAGTGTACTGAGG-1	-20.2602	-5.24161
KO-MSC_CGTCCATAGCAACTCT-1	-21.8733	-6.96804
KO-MSC_CGTGATATCCATCCGT-1	14.3925	11.1985
KO-MSC_CGTGTCTGTCTGCGCA-1	-19.917	19.7001
KO-MSC_CTAACCCTCGTTTACT-1	16.3984	-3.29505
KO-MSC_CTACAGACAAGCAATA-1	5.93557	21.3945
KO-MSC_CTACGGGAGCCTGTGC-1	-0.0824366	8.00416
KO-MSC_CTCAATTAGTGTAGTA-1	16.2003	25.3639
KO-MSC_CTCAGTCCAGTTTCAG-1	-6.89295	-26.4505
KO-MSC_CTCATGCTCCAAGGGA-1	-1.52204	2.25655
KO-MSC_CTCCATGTCGAAACAA-1	-8.40424	-34.8866
KO-MSC_CTCCCAACATCGATAC-1	14.0817	8.56691
KO-MSC_CTCTCGAGTCTGTAGT-1	2.12722	-27.1129
KO-MSC_CTCTGGTCAGCATACT-1	-0.150285	19.357
KO-MSC_CTGAATGCAAATGATG-1	-20.6217	-7.88606
KO-MSC_CTGAATGCACCCGTAG-1	14.4493	-2.74547
KO-MSC_CTGAGCGGTGATACAA-1	13.3848	10.9075
KO-MSC_CTGCATCGTAACGGTG-1	21.4744	-1.11269
KO-MSC_CTGCATCTCGACCTAA-1	23.2712	-0.475284
KO-MSC_CTGGCAGCAGATGCGA-1	-21.4604	18.3443
KO-MSC_CTGTACCGTATGTCAC-1	18.7927	-3.83002
KO-MSC_CTGTAGACAGCGTACC-1	12.9903	1.6335
KO-MSC_CTTACCGGTTCGGACC-1	16.462	1.03588
KO-MSC_CTTCAATGTCGCGTTG-1	19.2952	0.45538
KO-MSC_CTTCCGACAGCATCTA-1	10.7257	8.62922
KO-MSC_CTTCCGAGTCACAGAG-1	-5.96534	-32.4366
KO-MSC_CTTCCGATCTGCTCTG-1	-36.707	-9.22317
KO-MSC_CTTCTAAAGTGGCCTC-1	22.718	24.8268
KO-MSC_CTTCTAAGTTCAGCGC-1	0.940259	-30.8881
KO-MSC_CTTTCGGTCACCCTTG-1	14.0323	25.925
KO-MSC_GAACACTGTTCCACGG-1	-24.7879	19.2867
KO-MSC_GAACACTTCCATTGTT-1	16.4572	26.5398
KO-MSC_GAAGGGTAGGAGATAG-1	-6.54105	-36.4018
KO-MSC_GAAGTAACATAGAATG-1	-20.047	-7.82294
KO-MSC_GACCGTGGTCACTTAG-1	8.98779	18.3293
KO-MSC_GACTGATAGAGGATCC-1	-17.9275	19.2382
KO-MSC_GACTTCCCAACCACAT-1	-21.5622	-4.65154
KO-MSC_GACTTCCCAGTTCCAA-1	23.682	25.0328
KO-MSC_GACTTCCGTGTGTTTG-1	-11.0345	-28.0665
KO-MSC_GAGACTTCAATCCTTT-1	-4.61709	-29.6355
KO-MSC_GAGACTTCACGTCGTG-1	12.1957	1.37039
KO-MSC_GAGATGGGTACCGGAA-1	-36.6672	-9.97167
KO-MSC_GAGCTGCTCGTTATCT-1	-0.0767294	-25.6819
KO-MSC_GAGGCAACATCGCTCT-1	-34.1757	-11.0418
KO-MSC_GAGGCCTCATAGGCGA-1	24.2623	18.6057
KO-MSC_GAGGCCTTCACACGAT-1	15.9256	25.4918
KO-MSC_GAGTCTATCTAGGCCG-1	-17.5228	25.6904
KO-MSC_GAGTGTTGTTGCCGCA-1	11.3992	10.0585
KO-MSC_GAGTTTGTCCGGACGT-1	-18.7973	23.605
KO-MSC_GATAGAAGTGTTCGAT-1	2.88416	20.9314
KO-MSC_GATCATGTCAGCCTTC-1	15.5424	28.5539
KO-MSC_GATGATCTCATGACAC-1	-0.435382	-25.4966
KO-MSC_GATGCTATCCGCAACG-1	-4.64923	-36.6109
KO-MSC_GATTCGATCATCGGGC-1	3.27817	20.968
KO-MSC_GATTCTTTCTATGTGG-1	9.06429	17.3352
KO-MSC_GCACGTGCAAACGTGG-1	-20.1157	-5.85196
KO-MSC_GCACGTGTCGTACACA-1	-24.1713	-9.76318
KO-MSC_GCAGCCATCGAAGTGG-1	-4.30521	-29.01
KO-MSC_GCATCTCTCGCCGAAC-1	-5.76876	-24.3781
KO-MSC_GCATGATCAGGTTACT-1	2.35505	-26.134
KO-MSC_GCATTAGTCGAAGTGG-1	-8.104	-23.4994
KO-MSC_GCCAGCATCCTAACAG-1	23.2793	25.132
KO-MSC_GCCATTCCAACACTAC-1	-35.7675	-9.15292
KO-MSC_GCCATTCTCTAAGAAG-1	4.15408	19.2985
KO-MSC_GCCCAGATCGAGCCAC-1	21.9011	0.392263
KO-MSC_GCCCGAACAATTCTCT-1	3.5108	21.2498
KO-MSC_GCGGATCCAGTGGCTC-1	-35.9874	-10.5077
KO-MSC_GCGGATCGTCGCAACC-1	-3.60769	-29.4587
KO-MSC_GCGGATCTCCGTGGGT-1	4.26283	9.88215
KO-MSC_GCTACAACAGAACCGA-1	-11.0475	-31.0342
KO-MSC_GCTGCAGCAAACACGG-1	23.1737	25.3787
KO-MSC_GGAAGTGGTGTCCCTT-1	11.1353	10.4847
KO-MSC_GGAAGTGTCTTCCGTG-1	3.8011	20.4343
KO-MSC_GGAATCTGTCAAGCCC-1	-20.3578	-4.71691
KO-MSC_GGAATGGCATCCGGTG-1	-26.3986	15.5099
KO-MSC_GGACGTCCAAATTGCC-1	5.62218	12.5695
KO-MSC_GGAGAACAGAGCCATG-1	11.9269	1.41038
KO-MSC_GGATCTATCACATTGG-1	-6.52696	-30.2264
KO-MSC_GGATGTTCATGAATAG-1	19.2995	2.28044
KO-MSC_GGATGTTGTACAGTAA-1	20.0621	20.5285
KO-MSC_GGCACGTGTTAGGGTG-1	12.9705	19.9954
KO-MSC_GGCTTTCAGACGCATG-1	-1.49775	13.6681
KO-MSC_GGGAGATGTACCTGTA-1	19.8292	-0.197843
KO-MSC_GGGCTACAGAAGTCCG-1	12.8351	10.9111
KO-MSC_GGGCTACCAGGTCAGA-1	10.8114	18.4229
KO-MSC_GGGTCACCAACACGTT-1	2.55287	-30.2014
KO-MSC_GGGTGTCAGCGAACTG-1	20.6861	-1.9996
KO-MSC_GGGTTATAGAGCTGAC-1	-7.9438	-26.9539
KO-MSC_GGGTTATTCCACCTCA-1	-20.7792	-8.11185
KO-MSC_GGTAATCAGGTTGACG-1	-14.4324	22.6276
KO-MSC_GGTAGAGAGATGGTAT-1	-5.20736	-32.2335
KO-MSC_GGTCTGGTCCCATGGG-1	-19.8639	15.2925
KO-MSC_GGTGTTATCTATGTGG-1	-9.04433	-32.8332
KO-MSC_GGTTAACTCAAATAGG-1	21.4155	19.501
KO-MSC_GGTTAACTCCTCTGCA-1	23.9551	-0.471813
KO-MSC_GGTTCTCTCCGGTAGC-1	20.992	-3.57124
KO-MSC_GGTTGTATCATACGGT-1	2.79976	-26.6666
KO-MSC_GTAAGTCGTTGGGTTT-1	25.2875	23.1057
KO-MSC_GTACAACCATCCGTTC-1	20.4421	26.7789
KO-MSC_GTACAGTCAGTCAGCC-1	-21.0021	-7.63821
KO-MSC_GTATTGGTCTAGTGTG-1	-20.4699	-7.9419
KO-MSC_GTCAAACGTAACGGTG-1	24.7289	24.9891
KO-MSC_GTCAGCGTCGTTTACT-1	17.5946	24.5105
KO-MSC_GTCCACTAGTTGGGAC-1	-20.1849	-4.88946
KO-MSC_GTCGAATAGCGGGTTA-1	13.8968	3.62148
KO-MSC_GTCGCGAAGTCACTGT-1	1.71492	-29.1971
KO-MSC_GTCGTAATCAATCAGC-1	20.6535	23.3525
KO-MSC_GTCTAGAGTCTTGGTA-1	25.0206	25.5592
KO-MSC_GTGAGCCTCCGATTAG-1	-7.12447	-29.701
KO-MSC_GTGCAGCGTCTTGGTA-1	-34.8684	-10.6739
KO-MSC_GTGCTGGTCGGCCTTT-1	-0.168565	-31.4017
KO-MSC_GTGGCGTCACGAAAGC-1	-5.32909	-26.5555
KO-MSC_GTGTCCTCAAGGGTCA-1	10.7108	11.5188
KO-MSC_GTGTGGCAGCGTATGG-1	-24.5821	15.5162
KO-MSC_GTGTGGCAGTCAGAGC-1	12.5229	14.7503
KO-MSC_GTTCATTCATCATTTC-1	-8.09749	-36.577
KO-MSC_GTTGCGGCAGGTTCGC-1	0.725616	-28.3253
KO-MSC_GTTGTAGTCATATGGC-1	-4.85136	-31.0304
KO-MSC_GTTGTGAAGAAGCCAC-1	-20.5096	19.9184
KO-MSC_GTTTGGAAGTGAGTTA-1	-25.6435	15.2126
KO-MSC_TAACTTCAGGAGTACC-1	21.2535	-0.319149
KO-MSC_TAAGTCGAGGGCAGAG-1	-20.4575	19.2655
KO-MSC_TACAACGCAATAGTCC-1	20.3343	21.1172
KO-MSC_TACAGGTGTTACCGTA-1	12.7187	13.3011
KO-MSC_TACCCGTGTCCAAGAG-1	-35.6351	-9.53255
KO-MSC_TACCGAAGTAAGGAGA-1	-26.7852	17.388
KO-MSC_TACTGCCGTATCAGCT-1	18.3985	8.79412
KO-MSC_TAGACCAGTGGTCCGT-1	-7.07021	-35.188
KO-MSC_TAGACTGCACGTTGGC-1	23.4511	19.5253
KO-MSC_TAGAGTCAGGCGAAGG-1	-9.81442	-33.8378
KO-MSC_TAGAGTCAGTTCTCTT-1	-20.3356	20.6612
KO-MSC_TAGATCGGTTCTCGCT-1	22.1746	19.0812
KO-MSC_TAGGAGGGTGTTAAAG-1	6.95656	20.9978
KO-MSC_TAGGTTGGTCCCACGA-1	-8.08497	-34.7499
KO-MSC_TATCTTGTCCAAGCAT-1	-4.25944	-36.6652
KO-MSC_TATTGCTCAGCGACAA-1	9.11309	1.17479
KO-MSC_TCAATCTCACTGTGTA-1	3.29757	-28.964
KO-MSC_TCAATCTGTGCTGATT-1	-5.221	-30.9938
KO-MSC_TCACAAGCAGAGTTCT-1	-22.8363	15.4336
KO-MSC_TCACACCGTAGCGTTT-1	-17.1962	20.9551
KO-MSC_TCACTATAGCATGCGA-1	12.1355	4.8567
KO-MSC_TCACTATAGTGAGTTA-1	-19.4512	-6.05229
KO-MSC_TCATACTAGGTAGTCG-1	-7.75961	-28.4325
KO-MSC_TCATCATAGTAAATGC-1	12.0794	17.9593
KO-MSC_TCATGGATCTACGCAA-1	-20.9057	17.7535
KO-MSC_TCATGTTGTGCCTGAC-1	2.37704	-30.346
KO-MSC_TCATTACTCAAGCTGT-1	12.8383	3.41143
KO-MSC_TCATTCAAGTGCCTCG-1	-22.2488	23.2746
KO-MSC_TCATTGTCAGTCTGGC-1	-0.624543	-24.5942
KO-MSC_TCATTGTTCCTCACTG-1	-17.6103	20.2122
KO-MSC_TCATTTGAGATGCCGA-1	-5.13744	-37.1953
KO-MSC_TCCACCACACGCTATA-1	-27.6478	13.709
KO-MSC_TCCATCGAGCACTCGC-1	10.374	17.6352
KO-MSC_TCCATCGGTACGCTTA-1	0.199678	19.5201
KO-MSC_TCCTCCCCAATTTCTC-1	-5.04849	-22.4024
KO-MSC_TCCTCCCTCCCTGGTT-1	-21.0174	-6.35704
KO-MSC_TCCTCGACAACGATCT-1	-3.58842	-29.4737
KO-MSC_TCGAACAAGCCTCCAG-1	-22.9846	15.5555
KO-MSC_TCGACCTCATATCGGT-1	16.167	27.5947
KO-MSC_TCGACCTGTCATCAGT-1	24.3109	24.1029
KO-MSC_TCGACCTTCTTTGCTA-1	-21.9647	-6.72709
KO-MSC_TCGGGACCACAACGTT-1	0.0171649	-34.1062
KO-MSC_TCGGGACGTACCGTCG-1	-35.1207	-9.08135
KO-MSC_TCGGTCTAGAGCATAT-1	21.0477	22.7081
KO-MSC_TCTAACTCATGGAGAC-1	-9.26008	-35.3743
KO-MSC_TCTCACGAGATGTTAG-1	-4.31628	-28.1414
KO-MSC_TCTCCGAGTCAAACGG-1	-14.2227	22.3791
KO-MSC_TCTGTCGCAGGAGGTT-1	-1.48138	12.3584
KO-MSC_TCTTCCTAGGGCGAGA-1	-20.3314	24.6016
KO-MSC_TCTTTGAAGGAAAGGT-1	-2.34169	-33.8418
KO-MSC_TGAGGGAAGCTTACGT-1	-7.62072	-24.2939
KO-MSC_TGAGGTTAGTCAGCGA-1	-2.35968	-35.0844
KO-MSC_TGATGCAAGTCCCAGC-1	-36.5002	-10.1237
KO-MSC_TGATTTCAGGCTCCCA-1	-6.33336	-21.831
KO-MSC_TGCAGTAGTGAGACGT-1	-36.4422	-10.5467
KO-MSC_TGCAGTATCTTACCGC-1	-6.99124	-23.9585
KO-MSC_TGCATCCTCCAGTGCG-1	17.4612	-2.71354
KO-MSC_TGCCGAGAGCAATAGT-1	14.3706	7.75177
KO-MSC_TGCCGAGAGCGGTATG-1	-21.8585	21.0097
KO-MSC_TGCGATAAGCACCTGC-1	-10.4262	-27.4477
KO-MSC_TGCGATAAGCATCAAA-1	-5.71762	-33.7184
KO-MSC_TGCGGCAGTGTTTACG-1	11.8996	16.8732
KO-MSC_TGCTCCAGTGGTATGG-1	9.12893	2.5627
KO-MSC_TGCTGAACATAATGCC-1	-7.95243	-27.7994
KO-MSC_TGGCGTGGTTAGAGAT-1	19.1617	-2.94557
KO-MSC_TGGGAAGTCGCACGGT-1	20.7358	3.91782
KO-MSC_TGGGCTGGTATCAAGA-1	19.5482	26.6373
KO-MSC_TGGTGATCATGGGATG-1	16.163	-3.47647
KO-MSC_TGGTTAGAGGCTTAAA-1	-9.36548	-24.5281
KO-MSC_TGTAGACAGTTCATGC-1	20.8496	23.9202
KO-MSC_TGTCCCAGTCTGTCCT-1	19.5263	23.2618
KO-MSC_TGTTCATAGCCAGACA-1	-22.3085	13.8285
KO-MSC_TTAATCCGTGCCTTTC-1	1.9665	8.71741
KO-MSC_TTACTGTTCGCCTTGT-1	9.95279	21.6452
KO-MSC_TTCAATCCATCCAATG-1	4.81749	11.2801
KO-MSC_TTCACCGGTAATCAGA-1	-21.0369	22.378
KO-MSC_TTCACGCCATACGCAT-1	17.0451	-1.61203
KO-MSC_TTCCACGAGGCTAAAT-1	-17.676	16.9481
KO-MSC_TTCCTTCCACTAGGCC-1	18.4874	26.4445
KO-MSC_TTCTAGTGTGTCCATA-1	18.8271	0.464613
KO-MSC_TTGGGTACACGGTAGA-1	-22.5746	-9.34814
KO-MSC_TTTACTGTCCAGTACA-1	1.09041	-30.053
KO-MSC_TTTAGTCGTTCCCACT-1	0.180995	-35.2229
KO-MSC_TTTCAGTAGCACGATG-1	-22.5588	17.9512
KO-MSC_TTTCAGTCATGGGATG-1	12.9811	3.27208
KO-MSC_TTTCGATCAGCACCCA-1	22.9321	2.58195
KO-MSC_TTTGATCGTATGGGAC-1	-3.92473	-25.3299
KO-MSC_TTTGGAGGTGTGACCC-1	-20.227	22.9344
KO-MSC_TTTGGTTCACGGTGTC-1	-0.643454	-27.011
KO-MSC_TTTGTTGTCTGAACGT-1	-1.1144	2.33083
WT-MSC_AAACGAAGTTCACCGG-1	-22.0111	21.7193
WT-MSC_AAAGGATAGAGTGTTA-1	16.5815	27.8236
WT-MSC_AAAGTCCCAGGTTTAC-1	24.8202	24.2047
WT-MSC_AAATGGACATCTCCCA-1	-23.2606	16.0169
WT-MSC_AACAACCCATTAGGCT-1	24.1938	25.931
WT-MSC_AACACACAGCGCATCC-1	-35.0188	-8.79448
WT-MSC_AACACACGTATGTCAC-1	-7.16761	-27.2508
WT-MSC_AACAGGGTCGGCTGGT-1	11.3869	0.328569
WT-MSC_AACCACAGTGTCCAAT-1	17.4432	6.10748
WT-MSC_AACCACATCACGGGAA-1	-8.14555	-27.8782
WT-MSC_AACCTTTTCACAACCA-1	-21.3117	16.4735
WT-MSC_AAGCGTTCACTACACA-1	-9.0584	-34.1401
WT-MSC_AAGGAATCATGGCCAC-1	-22.4705	-4.19333
WT-MSC_AAGTACCTCTATGTGG-1	22.6167	0.804037
WT-MSC_AATCACGAGGTCACTT-1	-11.6417	-25.6194
WT-MSC_AATCGACAGGAGCTGT-1	11.9906	9.70361
WT-MSC_AATGGAAGTTCTAACG-1	-28.1839	16.7239
WT-MSC_AATGGCTTCCAAGGGA-1	-0.934743	2.81785
WT-MSC_AATTCCTCAGATCACT-1	21.631	-0.263295
WT-MSC_AATTTCCGTTGGGACA-1	-18.9655	25.8365
WT-MSC_AATTTCCTCTCGTGAA-1	11.4306	12.5979
WT-MSC_ACAAGCTCAACCACGC-1	-4.28378	-26.1842
WT-MSC_ACAAGCTCAGCCGTCA-1	17.0495	26.1579
WT-MSC_ACAAGCTGTATCTCTT-1	-0.132452	3.83047
WT-MSC_ACAGAAACAAGAGTTA-1	-5.14386	-33.4904
WT-MSC_ACAGCCGGTATGTGTC-1	-18.9418	21.8179
WT-MSC_ACAGCCGGTCGCAGTC-1	12.2025	21.426
WT-MSC_ACAGGGACAGGCTCTG-1	-1.95696	2.54121
WT-MSC_ACATCCCGTTTCGCTC-1	5.39431	20.4888
WT-MSC_ACATCGAGTTATGGTC-1	17.7297	5.8609
WT-MSC_ACATGCATCCTATTTG-1	6.95094	6.55817
WT-MSC_ACCAACACAGACCCGT-1	-27.8341	15.5263
WT-MSC_ACCACAAAGTCTCCTC-1	-25.8933	17.9895
WT-MSC_ACCACAACAAGCTACT-1	-1.105	-23.3502
WT-MSC_ACCACAATCGCTTGCT-1	-18.8804	17.7421
WT-MSC_ACCATTTCATGTTACG-1	18.9928	-4.1998
WT-MSC_ACCCAAACAATACCCA-1	-7.93122	-34.1968
WT-MSC_ACCGTTCGTACTGTTG-1	-1.98609	13.7004
WT-MSC_ACCTACCGTGTTCAGT-1	11.3813	-0.722933
WT-MSC_ACCTGTCTCGCTAAAC-1	23.3631	27.8353
WT-MSC_ACGGGTCCATGACTCA-1	-1.93949	-31.0508
WT-MSC_ACGTAACAGCGTATGG-1	22.8464	2.49839
WT-MSC_ACGTAACTCAAATGAG-1	12.0669	-0.594426
WT-MSC_ACGTACAAGAGAGCAA-1	-6.51571	-36.0149
WT-MSC_ACGTTCCCAGCTGGTC-1	-11.2064	-27.5062
WT-MSC_ACTACGAAGCAAGTGC-1	0.0323142	-30.1435
WT-MSC_ACTGTGATCAATGCAC-1	18.5274	10.2995
WT-MSC_ACTTAGGCATAATGCC-1	-10.5255	-28.7246
WT-MSC_ACTTTCAGTGTAGTGG-1	22.2723	-3.85996
WT-MSC_AGAAATGCAGACCTGC-1	-22.9655	-7.55475
WT-MSC_AGACTCATCCTTTGAT-1	3.80154	-29.8402
WT-MSC_AGATAGACACCAGACC-1	24.1863	19.8885
WT-MSC_AGATCCAAGGTAAACT-1	-3.60537	-30.3765
WT-MSC_AGATCCATCGGTGCAC-1	-27.7945	13.815
WT-MSC_AGATGAACACAAAGTA-1	22.0351	-2.84874
WT-MSC_AGATGCTAGAGAGGTA-1	0.98042	8.00799
WT-MSC_AGCCAATGTTCGAAGG-1	-0.758395	-24.8871
WT-MSC_AGCGATTCATTGTAGC-1	0.113275	12.3838
WT-MSC_AGCGCCAGTGGGTATG-1	-23.8384	-9.21655
WT-MSC_AGCTACACAAATGGAT-1	23.2276	-1.00995
WT-MSC_AGGAAATGTCGCTCGA-1	21.7088	21.3325
WT-MSC_AGGACGACAGTCCCGA-1	16.8737	-3.96751
WT-MSC_AGGACGACATCCCGTT-1	20.7546	0.444902
WT-MSC_AGGATAATCCCATTTA-1	24.6367	19.4338
WT-MSC_AGGCATTAGTCATCCA-1	6.41528	8.32998
WT-MSC_AGGGCTCGTACCCGAC-1	-26.1064	19.2815
WT-MSC_AGGGTGAAGGAGTATT-1	23.4011	18.5224
WT-MSC_AGGTTACAGTTCTACG-1	12.1027	0.323154
WT-MSC_AGGTTGTAGTGTACCT-1	-24.791	16.1296
WT-MSC_AGTAACCCACACACTA-1	-22.8512	18.6888
WT-MSC_AGTAACCGTATTCCGA-1	-13.4824	22.61
WT-MSC_AGTACCACAACACACT-1	-20.6965	-8.14316
WT-MSC_AGTAGCTCAATTAGGA-1	3.86938	-28.693
WT-MSC_AGTAGCTTCCTCAGGG-1	-4.78964	-29.4465
WT-MSC_AGTAGCTTCGGTAACT-1	13.5685	-0.099651
WT-MSC_AGTAGTCTCATGCTAG-1	11.2877	1.10319
WT-MSC_AGTCATGTCCTCTTTC-1	14.7743	1.23416
WT-MSC_AGTGCCGTCGCTTACC-1	12.2202	19.7716
WT-MSC_AGTGTTGAGTAGACAT-1	-10.3831	-28.6764
WT-MSC_AGTGTTGAGTTGTACC-1	4.41951	11.6729
WT-MSC_AGTTCGACAACCGTAT-1	18.2188	25.6633
WT-MSC_ATACCGAAGACCACGA-1	-11.3943	-29.784
WT-MSC_ATACTTCGTGTTACTG-1	-0.00852279	-34.0626
WT-MSC_ATAGAGAGTACCTTCC-1	-8.29606	-29.9769
WT-MSC_ATATCCTCAAGTGGTG-1	0.41511	13.6063
WT-MSC_ATATCCTGTACCATAC-1	-0.866091	-24.2691
WT-MSC_ATCACGACATGGCTGC-1	-0.115138	-29.4642
WT-MSC_ATCAGGTAGTTTAGGA-1	-1.52041	13.7521
WT-MSC_ATCATTCCAGCCGTCA-1	5.95403	9.65349
WT-MSC_ATCCCTGCAGAGAATT-1	-18.3713	16.2572
WT-MSC_ATCCGTCCATGACTCA-1	12.2822	14.9916
WT-MSC_ATCGGATAGCTAAACA-1	-22.6047	-6.58748
WT-MSC_ATCGGATCAACTCATG-1	17.0016	-1.22065
WT-MSC_ATCTCTAAGGATCATA-1	20.3328	26.6851
WT-MSC_ATCTTCACAGGGATAC-1	21.9741	21.7226
WT-MSC_ATGAAAGAGTCCTGCG-1	-21.8035	22.784
WT-MSC_ATGAAAGGTGACACGA-1	-3.40491	-31.2988
WT-MSC_ATGACCATCCGAGGCT-1	20.7035	0.274776
WT-MSC_ATGAGTCCAGCCATTA-1	-1.99554	-31.8504
WT-MSC_ATGCATGTCTTCCGTG-1	14.6499	-3.90228
WT-MSC_ATGCGATCAAGTGCTT-1	18.7319	-3.84792
WT-MSC_ATGGATCGTGCAACGA-1	12.5102	5.56317
WT-MSC_ATGGGAGCATGTGGCC-1	-16.9256	20.3657
WT-MSC_ATGGGTTCAATCGCCG-1	11.6445	7.86871
WT-MSC_ATGGTTGCAGACCATT-1	-4.80781	-37.0408
WT-MSC_ATTACCTTCTCGACCT-1	-21.8293	-4.95245
WT-MSC_ATTACTCGTTAGGCCC-1	11.6992	0.230016
WT-MSC_ATTACTCTCTGCGATA-1	-6.1678	-27.7884
WT-MSC_ATTATCCCACTGGCCA-1	23.2144	0.666426
WT-MSC_ATTCAGGCAGAACTCT-1	-9.24486	-27.061
WT-MSC_ATTCATCGTCAACCTA-1	-24.8488	14.419
WT-MSC_ATTCCATCAAACCGGA-1	-8.41375	-24.6969
WT-MSC_ATTCCCGCATAATCGC-1	-1.5864	12.2763
WT-MSC_ATTCGTTTCAGGACAG-1	21.518	27.045
WT-MSC_ATTCTTGGTAGCGCTC-1	5.18429	20.3009
WT-MSC_ATTCTTGGTTATAGAG-1	18.084	27.7019
WT-MSC_ATTCTTGTCGACCAAT-1	10.8534	22.081
WT-MSC_ATTGGGTGTGGCACTC-1	7.17694	7.23207
WT-MSC_ATTTACCAGGTAGACC-1	-4.03652	-35.3105
WT-MSC_ATTTACCCATGACTTG-1	19.6084	21.0819
WT-MSC_CAACAACTCATCTATC-1	-7.29898	-24.3512
WT-MSC_CAACAGTTCTTGCGCT-1	-19.8514	22.5195
WT-MSC_CAACCTCAGGCATCGA-1	20.8337	4.01381
WT-MSC_CAACCTCTCGAATGCT-1	23.4214	21.621
WT-MSC_CAAGAGGGTAGATGTA-1	0.257858	14.1256
WT-MSC_CAAGGGATCGGCAGTC-1	18.1631	-2.4094
WT-MSC_CAATCGAGTGACTCTA-1	3.59303	-29.7138
WT-MSC_CAATTTCAGCAAACAT-1	10.4605	11.2846
WT-MSC_CAATTTCTCATTGCTT-1	-5.86397	-22.601
WT-MSC_CACACAAGTACTCGCG-1	-6.98759	-28.5608
WT-MSC_CACACAAGTTCTCCCA-1	-9.45616	-35.0838
WT-MSC_CACACAATCTATTTCG-1	18.289	8.8073
WT-MSC_CACAGGCCACTCTGCT-1	-21.1411	-8.67841
WT-MSC_CACCAAATCTCTGACC-1	-27.6598	13.5823
WT-MSC_CACCGTTAGGTTGGAC-1	18.5208	8.51858
WT-MSC_CACCGTTGTCTTGCGG-1	-22.4075	19.3078
WT-MSC_CACCGTTTCAACTTTC-1	14.2945	-0.155562
WT-MSC_CACGAATAGAAGCGCT-1	8.67473	19.472
WT-MSC_CACGGGTGTTTGGGTT-1	22.3018	22.8346
WT-MSC_CACTTCGAGGTCACCC-1	-12.9964	-29.1417
WT-MSC_CAGAGCCTCTCCTGAC-1	0.796627	8.82103
WT-MSC_CAGATACGTACAAGCG-1	13.1172	8.75387
WT-MSC_CAGATACGTTCTGAGT-1	16.3024	21.1109
WT-MSC_CAGATCAAGGCAGGTT-1	-22.6809	19.4477
WT-MSC_CAGATCAGTGTGACCC-1	-16.7401	24.2216
WT-MSC_CAGCAATCATCCTCAC-1	-19.1603	23.7017
WT-MSC_CAGCCAGAGCGCCATC-1	10.9096	10.0111
WT-MSC_CAGCGTGTCCATTGGA-1	23.0304	20.8613
WT-MSC_CAGCGTGTCGTTGTAG-1	-36.0717	-9.15779
WT-MSC_CAGGCCAAGCGCAATG-1	-0.320616	4.01902
WT-MSC_CAGGGCTAGTAAGGGA-1	22.7269	-0.0305773
WT-MSC_CAGGGCTCAAATACAG-1	-23.7229	-9.11285
WT-MSC_CAGGGCTTCTCCGATC-1	-24.534	-7.94185
WT-MSC_CAGTGCGTCATTTCCA-1	-15.85	24.5561
WT-MSC_CAGTTAGAGGTGGGTT-1	20.4394	27.6454
WT-MSC_CATACAGAGACAAGCC-1	6.4456	20.8178
WT-MSC_CATACTTCACACCTTC-1	22.535	24.4677
WT-MSC_CATACTTTCTGTGCGG-1	-22.2754	-5.26579
WT-MSC_CATCAAGTCAGTGCGC-1	-8.58651	-29.1587
WT-MSC_CATCCACAGATAACAC-1	13.8119	9.32389
WT-MSC_CATGCAACATACAGGG-1	-21.8505	16.4636
WT-MSC_CATGCCTGTATCCCAA-1	16.8918	6.12541
WT-MSC_CATGCGGCAGAATCGG-1	6.91316	6.39116
WT-MSC_CATTCATAGGTACATA-1	-2.03254	2.77516
WT-MSC_CATTCTAAGACCTCAT-1	25.5218	20.334
WT-MSC_CATTCTACACAGAGAC-1	-17.8117	22.811
WT-MSC_CATTGAGAGCTCGTGC-1	-24.6625	19.5883
WT-MSC_CATTGAGCAAATAAGC-1	14.809	-0.70427
WT-MSC_CATTTCAAGTTGTAAG-1	12.6637	0.988503
WT-MSC_CATTTCACATGCGTGC-1	-6.30582	-25.9335
WT-MSC_CCACGAGGTATGCTAC-1	-22.6444	-5.02996
WT-MSC_CCACGTTAGATACATG-1	12.6491	20.0304
WT-MSC_CCACGTTGTCTTCTAT-1	-22.478	-6.9087
WT-MSC_CCCAACTCAACCGGAA-1	-16.8659	24.1294
WT-MSC_CCCAACTGTGGTACAG-1	17.7041	4.73332
WT-MSC_CCCAACTTCACTGTCC-1	11.8624	10.3598
WT-MSC_CCCATTGCAGCGACCT-1	-1.64305	2.94956
WT-MSC_CCCGAAGGTCGCGGTT-1	22.406	-1.46384
WT-MSC_CCCGGAAAGACGCCCT-1	12.7592	11.6874
WT-MSC_CCCTCAAAGATAGGGA-1	-28.9079	18.0337
WT-MSC_CCCTCTCAGGACAAGA-1	-36.9972	-9.14816
WT-MSC_CCGAACGTCAGTGGGA-1	15.1177	28.0831
WT-MSC_CCGATCTTCTGAATCG-1	-1.9143	3.20098
WT-MSC_CCGATGGCATCATCCC-1	-11.4235	-27.8584
WT-MSC_CCGCAAGAGGATACCG-1	0.545602	-29.9504
WT-MSC_CCGTAGGAGCATCAGG-1	-8.60004	-34.3144
WT-MSC_CCTATCGAGGTAAAGG-1	-21.5662	15.5561
WT-MSC_CCTCCAAAGTTACGTC-1	8.11815	6.53077
WT-MSC_CCTCCTCCAATCGCAT-1	-6.98801	-27.9654
WT-MSC_CCTCCTCTCCATTCAT-1	14.5486	9.4115
WT-MSC_CCTCTAGGTCCTCCTA-1	-22.9527	-5.85407
WT-MSC_CCTCTCCAGTCACTAC-1	16.157	-3.20284
WT-MSC_CCTCTCCAGTGGAAGA-1	-36.6494	-9.60178
WT-MSC_CCTCTCCCACGCTGTG-1	-12.3036	-27.4872
WT-MSC_CCTGCATCATAATGCC-1	-4.56908	-35.5578
WT-MSC_CCTTCAGTCAAGCTTG-1	25.1464	19.3297
WT-MSC_CGAAGGAAGCCTGAGA-1	-4.17841	-22.9426
WT-MSC_CGACAGCAGGAGATAG-1	-1.76976	2.73441
WT-MSC_CGAGGAATCACTAGCA-1	-0.0221684	14.2465
WT-MSC_CGAGTGCCACCATATG-1	-9.15783	-25.2133
WT-MSC_CGAGTTATCATGAGAA-1	-7.18026	-24.278
WT-MSC_CGAGTTATCCTCACCA-1	18.2874	23.477
WT-MSC_CGATCGGCATCGCTAA-1	0.193377	3.94161
WT-MSC_CGATGCGCAGTAGGAC-1	22.5787	25.5356
WT-MSC_CGCAGGTAGGACAGCT-1	9.77565	11.48
WT-MSC_CGCAGGTCAGTCGCAC-1	20.6538	-4.16887
WT-MSC_CGCATGGTCCTGTTGC-1	-23.8947	21.9984
WT-MSC_CGGACACCAGCCTACG-1	16.3269	0.950306
WT-MSC_CGGAGAAAGGAAGTCC-1	12.4678	8.34267
WT-MSC_CGGAGAATCATTTCGT-1	13.2924	20.65
WT-MSC_CGGGACTGTTAGAAAC-1	9.7358	17.3785
WT-MSC_CGGGACTGTTTGAACC-1	-0.6609	-30.893
WT-MSC_CGGGTCAGTTCGTACA-1	-2.2625	13.9158
WT-MSC_CGGGTCATCCCAACTC-1	-25.0968	15.8921
WT-MSC_CGGTCAGCATCGGCCA-1	16.6472	5.9196
WT-MSC_CGTAAGTGTACTGAGG-1	-22.8291	-5.02964
WT-MSC_CGTCAAACAGGCCCTA-1	6.44929	20.6009
WT-MSC_CGTCCATGTAAGGTCG-1	-36.5059	-10.1089
WT-MSC_CGTGAATCAAGAGTTA-1	-2.14871	3.05942
WT-MSC_CGTGTCTAGGAGGTTC-1	-14.8859	23.568
WT-MSC_CGTTGGGTCCCGTTGT-1	19.4584	8.18595
WT-MSC_CTAACCCAGCACCCAC-1	9.8163	11.1463
WT-MSC_CTAACCCCAAGTGGTG-1	-15.7679	24.0073
WT-MSC_CTAACCCGTTGTGTAC-1	-6.40288	-22.6381
WT-MSC_CTACATTAGAACAAGG-1	-5.02088	-25.2793
WT-MSC_CTACATTAGGCACAAC-1	-12.3702	-26.1986
WT-MSC_CTACCCAAGCGTATAA-1	-8.1071	-34.6936
WT-MSC_CTACCTGAGCAGTACG-1	-0.0178096	-35.0735
WT-MSC_CTACTATCATAAGCAA-1	19.5206	-1.72724
WT-MSC_CTACTATTCCTGATAG-1	3.652	-30.0121
WT-MSC_CTAGACACAAATAGCA-1	22.8379	-2.02628
WT-MSC_CTATAGGTCCCAGTGG-1	-24.0165	17.7325
WT-MSC_CTCAATTTCTTGAACG-1	0.385747	14.0485
WT-MSC_CTCAGAATCAAGTGGG-1	12.7448	8.10324
WT-MSC_CTCAGGGTCAGGTGTT-1	15.1914	-0.964603
WT-MSC_CTCAGTCCAAACGGCA-1	-23.6624	19.0349
WT-MSC_CTCATCGAGGTCTACT-1	0.214349	14.1157
WT-MSC_CTCCATGGTGGACTAG-1	-28.3287	16.3608
WT-MSC_CTCCCAATCAGCTCTC-1	-0.0666309	-31.9054
WT-MSC_CTCCCTCCAGAGGGTT-1	12.3404	7.69633
WT-MSC_CTCCCTCCAGGATTCT-1	0.195112	-27.9663
WT-MSC_CTCCTTTGTCTTTCAT-1	-16.3256	23.2608
WT-MSC_CTCGAGGCACATGGTT-1	-26.5466	14.5845
WT-MSC_CTCTGGTTCAATCCGA-1	19.6685	-5.18882
WT-MSC_CTCTGGTTCGCCGAAC-1	18.429	-1.77833
WT-MSC_CTGAATGCAAATGATG-1	-23.0063	-8.20366
WT-MSC_CTGATCCTCCTATTTG-1	24.8962	25.3755
WT-MSC_CTGCATCTCTTCGATT-1	13.699	1.09805
WT-MSC_CTGCCTACAATAACGA-1	25.1001	18.8706
WT-MSC_CTGCGAGGTGCATCTA-1	-3.75572	-30.9288
WT-MSC_CTGGCAGGTACTGCGC-1	-8.50062	-26.1153
WT-MSC_CTGTACCAGGGATCGT-1	-3.98344	-30.766
WT-MSC_CTGTGGGGTCGAGCAA-1	-22.7822	21.5286
WT-MSC_CTGTGGGTCAAGAGGC-1	-0.113639	8.02499
WT-MSC_CTTCTAATCCGAGGCT-1	-1.67687	2.36903
WT-MSC_CTTGAGAGTCCAGTTA-1	-4.25831	-34.8069
WT-MSC_CTTGAGATCTATCGCC-1	-24.9585	15.9207
WT-MSC_CTTTCAACAAGCGAGT-1	16.0661	28.7708
WT-MSC_GAAACCTCACTGTTCC-1	-21.404	21.655
WT-MSC_GAACACTAGAGCAGTC-1	16.0558	27.495
WT-MSC_GAACACTAGGTTCAGG-1	0.891802	-32.7956
WT-MSC_GAACACTGTTCCACGG-1	-18.7705	16.3639
WT-MSC_GAACTGTTCGGTAAGG-1	6.05662	21.4856
WT-MSC_GAAGGACCACTTGTGA-1	16.9098	25.2912
WT-MSC_GAAGGGTAGCGGTATG-1	24.2404	21.337
WT-MSC_GAAGTAACATAGAATG-1	-21.3934	-8.7419
WT-MSC_GAATAGACAAAGCTCT-1	-20.065	22.3107
WT-MSC_GACACGCTCGTGCTCT-1	-18.6876	22.0051
WT-MSC_GACCGTGGTTGCATCA-1	4.45232	20.1231
WT-MSC_GACCGTGTCCCAGCGA-1	-4.60345	-32.1974
WT-MSC_GACTTCCCAACCACAT-1	-19.8731	-4.94142
WT-MSC_GAGAAATCAACCACAT-1	0.108716	-34.3822
WT-MSC_GAGACCCAGTTCTCTT-1	-2.09318	13.9106
WT-MSC_GAGACCCGTCGTTATG-1	16.2062	28.9036
WT-MSC_GAGGCAACATCGCTCT-1	-33.6972	-11.0745
WT-MSC_GAGGGATAGCACCGAA-1	-4.42132	-34.9315
WT-MSC_GAGGGATGTAAGTTAG-1	17.8714	-3.91874
WT-MSC_GAGTCATTCATCTGTT-1	12.7932	19.8691
WT-MSC_GAGTCTAAGTTTAGGA-1	-1.68523	-30.9655
WT-MSC_GAGTCTAGTTGTTGTG-1	-12.0366	-29.4094
WT-MSC_GATAGAAGTGTTCGAT-1	1.044	19.888
WT-MSC_GATCACACAGTCTTCC-1	9.89964	18.9709
WT-MSC_GATCCCTGTAACCCTA-1	24.397	19.2055
WT-MSC_GATGAGGTCTAGGAAA-1	-35.197	-10.5955
WT-MSC_GATGATCAGACGCAGT-1	-25.2932	16.9024
WT-MSC_GATGCTAGTCCGGTGT-1	11.955	-0.576309
WT-MSC_GATGTTGAGGTTCACT-1	3.95372	20.1933
WT-MSC_GATTCGAAGTAGTCCT-1	-19.0144	23.632
WT-MSC_GCAACATAGGCAGTCA-1	-1.51323	3.4831
WT-MSC_GCACGTGCAAACGTGG-1	-22.7649	-5.94108
WT-MSC_GCACGTGCACAGTATC-1	15.7162	9.96624
WT-MSC_GCACGTGTCGTACACA-1	-22.855	-9.68628
WT-MSC_GCACTAATCCACACCT-1	-1.62051	12.2168
WT-MSC_GCAGCCAAGCACTAGG-1	14.8623	26.6256
WT-MSC_GCAGCCACAGTCCGTG-1	16.3893	2.0751
WT-MSC_GCAGCTGCACATAACC-1	-22.8695	16.3304
WT-MSC_GCAGCTGCAGATTCGT-1	21.0199	25.8917
WT-MSC_GCAGCTGTCCATTGCC-1	-10.7079	-24.7542
WT-MSC_GCATCGGAGAGGTATT-1	15.7604	25.4199
WT-MSC_GCATCTCGTCATAGTC-1	-13.8744	22.4953
WT-MSC_GCATTAGTCGCTTAAG-1	23.6599	21.16
WT-MSC_GCCAACGTCGCTCCTA-1	-19.6096	22.8932
WT-MSC_GCCAGCACACGGTGAA-1	-8.50827	-32.4805
WT-MSC_GCCCAGACAAAGGAGA-1	-17.856	24.4808
WT-MSC_GCCCGAAGTGTATCCA-1	14.2655	25.9853
WT-MSC_GCGAGAACATGGGTCC-1	-0.7108	3.44089
WT-MSC_GCGGAAAAGCTTGTTG-1	24.9427	21.1066
WT-MSC_GCGTTTCTCTTTGCTA-1	0.9584	-24.9698
WT-MSC_GCTACAACAGGTGACA-1	13.2823	0.448216
WT-MSC_GCTACCTTCTTCGTAT-1	-18.4534	16.2182
WT-MSC_GCTTCACGTTATTCTC-1	-3.36017	-34.6833
WT-MSC_GCTTGGGTCACGGTCG-1	-13.9953	22.3141
WT-MSC_GGAACCCAGTGAGGTC-1	13.1692	8.73647
WT-MSC_GGAATCTGTCAAGCCC-1	-21.9908	-4.51758
WT-MSC_GGAGCAAAGTATGGAT-1	22.2511	-0.514154
WT-MSC_GGATCTATCGCTTTAT-1	18.6511	29.526
WT-MSC_GGATGTTAGCGCTTCG-1	-19.0719	21.3574
WT-MSC_GGCACGTAGTTCCAGT-1	20.5932	-3.52806
WT-MSC_GGCTGTGGTAGGACTG-1	16.1859	-3.83685
WT-MSC_GGGAAGTGTAGGGTAC-1	11.4853	7.7562
WT-MSC_GGGAAGTTCGCAAGAG-1	-20.9678	14.4407
WT-MSC_GGGAGTAAGTCGAAAT-1	22.9285	-3.43344
WT-MSC_GGGCTACCAGAATCGG-1	20.149	-2.54465
WT-MSC_GGGCTACTCGCCTATC-1	12.4127	20.9351
WT-MSC_GGGTATTCACCATTCC-1	21.3522	26.4499
WT-MSC_GGGTCACCAACCACGC-1	24.4688	-2.51176
WT-MSC_GGGTCTGCAACTCGTA-1	12.0063	0.984021
WT-MSC_GGGTGAAGTAGTCGTT-1	13.0337	10.9813
WT-MSC_GGGTGTCAGTCGCCAC-1	17.5127	5.83026
WT-MSC_GGGTTATAGACCAACG-1	-9.55425	-28.2447
WT-MSC_GGGTTATTCCACCTCA-1	-23.379	-8.20281
WT-MSC_GGTAACTCACTAACCA-1	25.436	19.9856
WT-MSC_GGTAACTCATGCAGGA-1	-20.9844	24.0403
WT-MSC_GGTAACTTCCAAACCA-1	22.4943	1.45574
WT-MSC_GGTGAAGTCAAATGCC-1	12.5939	-1.78894
WT-MSC_GGTGTCGGTGGTTTAC-1	-5.42	-35.5463
WT-MSC_GGTGTTAAGTCCCAGC-1	-24.6047	21.0268
WT-MSC_GGTGTTACAGATTTCG-1	22.6443	-0.0857543
WT-MSC_GGTGTTAGTGCATGAG-1	-20.9215	23.1456
WT-MSC_GGTTCTCTCCATTCAT-1	3.61767	11.3
WT-MSC_GGTTCTCTCTGCTAGA-1	24.3709	22.5986
WT-MSC_GTAACACAGTAATCCC-1	14.412	1.20768
WT-MSC_GTAACACGTGCATTTG-1	-17.1494	23.5189
WT-MSC_GTAATCGGTCTCCCTA-1	-35.5971	-10.9275
WT-MSC_GTACAGTCAGTCAGCC-1	-23.1463	-7.84565
WT-MSC_GTAGAGGCACGCTTAA-1	24.4619	23.4367
WT-MSC_GTAGAGGGTCCTCATC-1	23.6105	18.6174
WT-MSC_GTAGATCAGGTTCACT-1	11.7339	19.5207
WT-MSC_GTAGATCTCGGAGATG-1	-7.8153	-28.4518
WT-MSC_GTAGCTAGTTCGGCCA-1	-2.07603	2.35688
WT-MSC_GTAGCTAGTTTAGAGA-1	-9.50931	-33.8711
WT-MSC_GTATTGGTCTAGTGTG-1	-23.4401	-8.37994
WT-MSC_GTCAAACCATGACTTG-1	23.5878	19.8926
WT-MSC_GTCACTCCATGCCGGT-1	-16.5535	21.2574
WT-MSC_GTCAGCGAGAGCTTTC-1	19.6977	-3.63655
WT-MSC_GTCAGCGTCACAAGGG-1	15.7091	-2.06769
WT-MSC_GTCATTTTCGCTAAAC-1	14.3303	25.2895
WT-MSC_GTCCACTAGTTGGGAC-1	-21.9474	-4.79579
WT-MSC_GTCGCGAAGTGCTAGG-1	12.4952	-1.28523
WT-MSC_GTCGTAATCTACCTTA-1	-12.3267	-27.2729
WT-MSC_GTCTTTACACAATCTG-1	18.9818	-1.39156
WT-MSC_GTCTTTAGTCACTCTC-1	19.8082	20.6518
WT-MSC_GTCTTTATCTCGACCT-1	21.3016	-3.26208
WT-MSC_GTGCAGCCAAATACGA-1	1.97444	-27.0245
WT-MSC_GTGCAGCGTCTTGGTA-1	-33.9776	-10.9858
WT-MSC_GTGCGTGGTCCCTGTT-1	21.3677	26.1315
WT-MSC_GTGCGTGGTGTCCAAT-1	-26.7779	16.9436
WT-MSC_GTGCTGGAGGACAAGA-1	12.5894	-1.5504
WT-MSC_GTGCTGGGTAATGATG-1	-8.87043	-24.7313
WT-MSC_GTGCTGGTCAGACCTA-1	12.6418	23.4373
WT-MSC_GTGGGAAAGGGATCTG-1	-5.94842	-37.4522
WT-MSC_GTGGGAATCCCGTAAA-1	-11.544	-28.2928
WT-MSC_GTGGTTAAGGATGCGT-1	-35.1144	-9.71698
WT-MSC_GTGTAACCAATGTGGG-1	0.712954	14.1158
WT-MSC_GTGTGGCCATCGGTTA-1	-6.12163	-35.4539
WT-MSC_GTGTGGCGTCCACGCA-1	-17.411	24.0451
WT-MSC_GTGTGGCTCAAAGACA-1	-12.7443	-27.433
WT-MSC_GTGTGGCTCGACCACG-1	22.4487	23.3276
WT-MSC_GTTACCCAGCAGATAT-1	13.6037	23.5951
WT-MSC_GTTAGACCACCCTAAA-1	-23.2882	20.0579
WT-MSC_GTTAGTGCATACTGAC-1	5.67671	10.2558
WT-MSC_GTTCATTAGTCGAGGT-1	1.90654	11.7963
WT-MSC_GTTCATTGTGAATAAC-1	-34.7594	-11.0824
WT-MSC_GTTCCGTGTATCACCA-1	-0.113543	3.81354
WT-MSC_GTTCGCTTCATGGCCG-1	-1.05164	-23.2167
WT-MSC_GTTCTATAGCACTGGA-1	0.64421	13.5908
WT-MSC_GTTGAACGTGATATAG-1	16.3362	3.56393
WT-MSC_GTTGCGGAGTGCAGGT-1	-26.746	17.9899
WT-MSC_GTTGTAGGTTCCGCAG-1	-22.2755	18.5023
WT-MSC_GTTGTGAGTGTTACTG-1	11.131	0.356626
WT-MSC_GTTGTGATCCCTCTAG-1	13.1274	11.8267
WT-MSC_GTTTGGATCGGTCACG-1	6.97699	6.08588
WT-MSC_TAACCAGAGCAGTACG-1	-5.08044	-25.7912
WT-MSC_TAACTTCGTTGCATGT-1	4.21395	19.5456
WT-MSC_TAAGCCACACATGGTT-1	-1.12372	13.3283
WT-MSC_TAAGCCAGTTACGATC-1	12.6169	3.31396
WT-MSC_TAAGCCATCCTTTGAT-1	-22.6032	22.9961
WT-MSC_TAAGCGTTCGTTCGCT-1	16.3689	25.8184
WT-MSC_TACAACGAGCGTCGAA-1	0.541844	14.1772
WT-MSC_TACAACGCAGCAGAAC-1	-1.67518	14.2354
WT-MSC_TACACCCAGAAACTAC-1	-2.17478	-30.8514
WT-MSC_TACACCCCATCCGATA-1	-15.9581	23.979
WT-MSC_TACATTCGTCACAGTT-1	2.7367	-31.149
WT-MSC_TACCCGTAGCAATTAG-1	-23.2795	20.1443
WT-MSC_TACCGGGAGCAACAAT-1	-24.6883	21.4424
WT-MSC_TACCTGCGTGCTCCGA-1	-6.95302	-32.8281
WT-MSC_TACGCTCCAGGACTTT-1	-2.52274	-24.6295
WT-MSC_TACGCTCGTGGTCTTA-1	-3.54886	-26.1799
WT-MSC_TACTGCCTCAAATAGG-1	-10.8208	-27.5565
WT-MSC_TACTGCCTCTACGGTA-1	16.9498	25.8079
WT-MSC_TACTTGTAGGTTCCAT-1	-3.58238	-28.1402
WT-MSC_TAGACTGAGAAACTAC-1	-7.2486	-23.4274
WT-MSC_TAGCACAAGCGCCGTT-1	25.2109	24.2667
WT-MSC_TAGGAGGTCCGGACGT-1	6.83845	6.9838
WT-MSC_TAGGGTTAGTATCTGC-1	-7.45352	-30.3763
WT-MSC_TAGGGTTCAGCATACT-1	8.59321	18.1191
WT-MSC_TATACCTCAATTGCAC-1	-24.8889	18.6384
WT-MSC_TATATCCAGAATTGCA-1	15.674	28.5328
WT-MSC_TATATCCTCTGCTAGA-1	-4.58048	-25.033
WT-MSC_TATCGCCCACACACGC-1	12.8807	24.0498
WT-MSC_TATCGCCTCTTGCAAG-1	-6.98318	-30.997
WT-MSC_TATCTGTAGGACAGTC-1	12.1785	4.67575
WT-MSC_TATTCCAGTCGCGTCA-1	-25.5156	14.3291
WT-MSC_TATTCCATCGTAACTG-1	3.08807	11.5362
WT-MSC_TCAAGACGTTGGTACT-1	-36.1888	-9.55567
WT-MSC_TCAAGTGAGGAACTAT-1	21.7663	22.5141
WT-MSC_TCAATCTTCGCAGTCG-1	-25.3457	18.3412
WT-MSC_TCAATTCGTCGAATTC-1	-4.52473	-36.5481
WT-MSC_TCAATTCTCGACGATT-1	-26.5852	15.9636
WT-MSC_TCACATTCAGCCTACG-1	-1.74349	-25.6221
WT-MSC_TCACGCTGTGCGAGTA-1	12.361	23.021
WT-MSC_TCACGGGGTCACCTTC-1	-1.6826	14.103
WT-MSC_TCACTATAGAAGTCAT-1	-18.548	24.0544
WT-MSC_TCACTATAGTGAGTTA-1	-22.6566	-5.98904
WT-MSC_TCACTCGCAAGTCCAT-1	-9.50839	-27.925
WT-MSC_TCAGCAAGTTGTACGT-1	-4.29586	-31.9574
WT-MSC_TCAGCCTCAAGCGGAT-1	6.77428	7.58709
WT-MSC_TCAGTGAAGGTACTGG-1	12.1078	21.8672
WT-MSC_TCAGTTTAGTTGGCTT-1	20.0807	23.328
WT-MSC_TCAGTTTTCCACCCTA-1	0.94878	8.98087
WT-MSC_TCATACTAGCATTTCG-1	-18.5295	24.2972
WT-MSC_TCATACTCATGACTTG-1	-25.9132	15.1972
WT-MSC_TCATCATCAGGGAATC-1	-21.4665	19.1536
WT-MSC_TCATCATGTCCCGGTA-1	-7.91802	-29.1472
WT-MSC_TCATGCCCAATGAGCG-1	22.8366	22.5603
WT-MSC_TCATGCCGTCGTTGGC-1	-11.0287	-33.0854
WT-MSC_TCCACCACACGCTATA-1	-25.7819	12.945
WT-MSC_TCCACGTTCTTTCAGT-1	3.32572	-30.0739
WT-MSC_TCCATCGAGCTTCTAG-1	17.0718	27.8529
WT-MSC_TCCATCGGTGACAGGT-1	11.3255	19.5968
WT-MSC_TCCATGCAGGTTGTTC-1	0.390624	8.26847
WT-MSC_TCCATGCCAAGTACCT-1	-8.33866	-36.9714
WT-MSC_TCCCACAGTAGTCGTT-1	-3.34995	-32.2399
WT-MSC_TCCCAGTTCGTACCTC-1	7.0437	20.2566
WT-MSC_TCCGAAAAGACCATTC-1	-0.161422	7.95791
WT-MSC_TCCGATCCATCCTGTC-1	-3.95898	-24.2074
WT-MSC_TCCGTGTCAACCTAAC-1	13.7774	20.6702
WT-MSC_TCCTCCCTCCCTGGTT-1	-23.898	-6.88031
WT-MSC_TCCTGCAGTCTGATCA-1	1.54645	-26.0067
WT-MSC_TCCTTTCAGTGCACAG-1	-4.29326	-24.5548
WT-MSC_TCCTTTCTCATAGACC-1	-3.97322	-36.6334
WT-MSC_TCGAACAGTGGTAATA-1	13.0332	19.751
WT-MSC_TCGAAGTAGTGGTGAC-1	15.0367	26.8169
WT-MSC_TCGACCTCACGTCATA-1	11.3579	6.06515
WT-MSC_TCGATTTAGGGTTAAT-1	-18.757	22.0912
WT-MSC_TCGATTTTCTGAATGC-1	-3.30557	-36.534
WT-MSC_TCGCAGGGTTCGGTCG-1	-24.0192	-9.89255
WT-MSC_TCGGGACTCTAGTGAC-1	-26.5919	16.3242
WT-MSC_TCGGTCTTCGGAGTGA-1	6.98849	6.00523
WT-MSC_TCGTAGAGTGAGGCAT-1	7.04199	7.45238
WT-MSC_TCGTCCAAGCATCCTA-1	-19.8054	25.5824
WT-MSC_TCGTGCTAGACTACGG-1	13.7016	24.5015
WT-MSC_TCGTGCTGTTCAGGTT-1	-2.93553	-24.6064
WT-MSC_TCTACCGCAGTACTAC-1	25.7064	21.1109
WT-MSC_TCTATACCAAGTGACG-1	-0.159238	19.3258
WT-MSC_TCTATACGTATTAAGG-1	-17.4788	24.4953
WT-MSC_TCTGCCACACAAGTGG-1	0.232437	13.6667
WT-MSC_TCTGCCAGTTATGACC-1	11.5918	1.83895
WT-MSC_TCTGCCATCGCGCTGA-1	11.6945	19.565
WT-MSC_TCTGGCTGTCCGACGT-1	6.24262	21.4301
WT-MSC_TCTGGCTGTCTATGAC-1	22.1889	-1.67718
WT-MSC_TCTTAGTAGGGAACAA-1	20.5357	25.8302
WT-MSC_TGACAGTGTGGAGGTT-1	3.72557	-29.9635
WT-MSC_TGACCCTCACGGGTAA-1	14.9964	9.77674
WT-MSC_TGACGCGTCAGAATAG-1	23.2066	27.9781
WT-MSC_TGACTCCTCCCTGGTT-1	23.4883	22.3516
WT-MSC_TGAGACTGTGGCCTCA-1	20.1498	-2.6685
WT-MSC_TGAGGGATCTACTGCC-1	-18.4767	18.993
WT-MSC_TGATCTTCATGGATCT-1	-1.42473	12.3606
WT-MSC_TGATCTTTCCAACCGG-1	12.7801	22.7368
WT-MSC_TGCAGGCGTGACTCGC-1	-25.9296	13.9816
WT-MSC_TGCAGTACATTAAGCC-1	16.4901	3.96359
WT-MSC_TGCATCCAGGTAGATT-1	-21.1737	24.3958
WT-MSC_TGCATCCCAGAGCGTA-1	1.03724	12.1404
WT-MSC_TGCATGAGTGGCTACC-1	11.4925	10.0104
WT-MSC_TGCATGATCATGGCCG-1	4.20356	9.822
WT-MSC_TGCGGCAAGCGATTCT-1	14.5766	11.0833
WT-MSC_TGCTCGTCACTACCGG-1	-0.00658857	-29.1312
WT-MSC_TGCTTCGCAGTTACCA-1	-20.1521	21.5145
WT-MSC_TGGAACTAGCTCTGTA-1	17.188	-0.337713
WT-MSC_TGGAACTTCCGATAAC-1	-18.783	25.7291
WT-MSC_TGGAGAGCAGCTTTCC-1	24.7301	26.7363
WT-MSC_TGGAGGACACTGCGAC-1	9.99269	17.6662
WT-MSC_TGGATCAAGATTACCC-1	12.774	2.13981
WT-MSC_TGGATCAGTAACGATA-1	23.2332	27.786
WT-MSC_TGGGAGAAGCCATGCC-1	1.3258	11.6081
WT-MSC_TGGGAGAGTGTCCGTG-1	-7.92889	-35.6041
WT-MSC_TGGGATTGTCGCCTAG-1	18.6015	27.179
WT-MSC_TGGGCTGAGCCTATCA-1	10.6934	10.5653
WT-MSC_TGGGTTAAGATAACGT-1	21.7978	24.784
WT-MSC_TGGGTTATCGGAGATG-1	-7.40277	-28.5398
WT-MSC_TGGTACATCTACGGTA-1	18.8236	7.70189
WT-MSC_TGGTAGTGTATCAGCT-1	12.976	21.2749
WT-MSC_TGTAACGAGCACCCAC-1	21.9827	-3.87243
WT-MSC_TGTAACGTCCGAGATT-1	-23.6077	20.4593
WT-MSC_TGTAAGCGTGATTCTG-1	20.539	-3.05741
WT-MSC_TGTAAGCTCTACTATC-1	20.4457	-1.42602
WT-MSC_TGTACAGTCTGTCCGT-1	22.5275	21.8451
WT-MSC_TGTAGACTCCTTATGT-1	14.254	0.791676
WT-MSC_TGTCCACGTGATTCTG-1	21.6258	-2.04847
WT-MSC_TGTGTGAGTGATAGAT-1	15.7553	26.7828
WT-MSC_TGTTCTACAAGCGCAA-1	1.56698	-25.2844
WT-MSC_TGTTCTAGTGATACCT-1	-2.58971	-31.011
WT-MSC_TTAATCCAGCGTATAA-1	18.3977	28.0983
WT-MSC_TTACAGGCAAGTGGTG-1	9.44973	20.1672
WT-MSC_TTACCATTCTTCGTAT-1	-6.70236	-32.6215
WT-MSC_TTACGTTGTCTACACA-1	-26.8425	13.3699
WT-MSC_TTACTGTGTCCTACGG-1	-27.8165	17.044
WT-MSC_TTACTGTTCAAATGCC-1	-0.0641636	19.3412
WT-MSC_TTAGGCACAAGGAGTC-1	20.6257	1.39656
WT-MSC_TTAGGCACAATTGCTG-1	-11.7519	-26.922
WT-MSC_TTAGGGTCATACATCG-1	0.506637	19.6049
WT-MSC_TTATTGCAGATACGAT-1	-5.70855	-28.6258
WT-MSC_TTCAATCCAATAGAGT-1	-22.4636	17.2131
WT-MSC_TTCAATCGTTGGGAAC-1	16.27	0.693564
WT-MSC_TTCCACGAGGCTAAAT-1	-26.7967	17.5989
WT-MSC_TTCCTTCGTTGCTCAA-1	0.409536	-23.6518
WT-MSC_TTCGCTGTCGCGTTTC-1	-35.6363	-10.0507
WT-MSC_TTCGGTCCATACCACA-1	23.4572	-1.31716
WT-MSC_TTCTAACGTGAGCTCC-1	-15.9135	21.5131
WT-MSC_TTCTAACGTTTCGACA-1	4.43131	19.6832
WT-MSC_TTCTTCCGTAGAATGT-1	15.901	27.3836
WT-MSC_TTCTTGACAAGCACCC-1	18.5363	-0.6909
WT-MSC_TTCTTGACAGGCTTGC-1	-3.08675	-34.1367
WT-MSC_TTGCATTGTAGTGCGA-1	13.9619	24.407
WT-MSC_TTGCCTGCAAGTCATC-1	-25.4016	17.0485
WT-MSC_TTGCCTGCAGGTTCAT-1	-26.6999	15.8254
WT-MSC_TTGCTGCCAGATCCTA-1	3.76666	18.7224
WT-MSC_TTGGATGTCCTGGTCT-1	-7.41264	-34.5232
WT-MSC_TTGGATGTCGTTCTCG-1	-23.8038	19.6272
WT-MSC_TTGGGATTCTTTGCAT-1	19.3263	2.48631
WT-MSC_TTGGGTACACGGTAGA-1	-24.2808	-9.42595
WT-MSC_TTGGTTTGTATGCTTG-1	14.6965	-3.86684
WT-MSC_TTGGTTTTCCCTATTA-1	-17.6118	23.6771
WT-MSC_TTGGTTTTCCTATTGT-1	-20.4134	22.1354
WT-MSC_TTGTGTTTCTATCGTT-1	-5.05793	-26.2667
WT-MSC_TTGTTTGAGTATGTAG-1	21.0223	19.4991
WT-MSC_TTTAGTCCATGCCATA-1	-19.5792	23.7096
WT-MSC_TTTCAGTAGTTGCCTA-1	-0.0333651	8.12937
WT-MSC_TTTCAGTCACTATCCC-1	13.5659	9.45897
WT-MSC_TTTCGATCAGCACCCA-1	20.8796	-4.68828
WT-MSC_TTTGGAGAGATTAGAC-1	-21.695	20.516
WT-MSC_TTTGGTTGTTCCACAA-1	-6.5056	-34.499
WT-MSC_TTTGGTTTCAAGTCTG-1	22.1479	27.4288
WT-MSC_TTTGTTGAGACAGTCG-1	12.373	7.27609
